-- phpMyAdmin SQL Dump
-- version 4.8.5
-- https://www.phpmyadmin.net/
--
-- Host: 127.0.0.1:3306
-- Generation Time: Jul 30, 2025 at 04:31 AM
-- Server version: 5.7.26
-- PHP Version: 7.4.30

SET SQL_MODE = "NO_AUTO_VALUE_ON_ZERO";
SET AUTOCOMMIT = 0;
START TRANSACTION;
SET time_zone = "+00:00";


/*!40101 SET @OLD_CHARACTER_SET_CLIENT=@@CHARACTER_SET_CLIENT */;
/*!40101 SET @OLD_CHARACTER_SET_RESULTS=@@CHARACTER_SET_RESULTS */;
/*!40101 SET @OLD_COLLATION_CONNECTION=@@COLLATION_CONNECTION */;
/*!40101 SET NAMES utf8mb4 */;

--
-- Database: `leverage_inventory`
--

-- --------------------------------------------------------

--
-- Table structure for table `assignments`
--

DROP TABLE IF EXISTS `assignments`;
CREATE TABLE IF NOT EXISTS `assignments` (
  `assignment_id` int(11) NOT NULL AUTO_INCREMENT,
  `item_id` int(11) NOT NULL,
  `user_id` int(11) NOT NULL,
  `assigned_by` int(11) NOT NULL,
  `assigned_location_id` int(11) NOT NULL,
  `assigned_date` date NOT NULL,
  `expected_return_date` date DEFAULT NULL,
  `return_date` date DEFAULT NULL,
  `return_condition` text,
  `return_notes` text,
  `assignment_notes` text,
  `created_at` datetime NOT NULL DEFAULT '0000-00-00 00:00:00',
  `updated_at` datetime NOT NULL DEFAULT '0000-00-00 00:00:00',
  PRIMARY KEY (`assignment_id`),
  KEY `asset_id` (`item_id`),
  KEY `user_id` (`user_id`),
  KEY `assigned_by` (`assigned_by`),
  KEY `assigned_location_id` (`assigned_location_id`)
) ENGINE=InnoDB AUTO_INCREMENT=2 DEFAULT CHARSET=utf8mb4;

--
-- Dumping data for table `assignments`
--

INSERT INTO `assignments` (`assignment_id`, `item_id`, `user_id`, `assigned_by`, `assigned_location_id`, `assigned_date`, `expected_return_date`, `return_date`, `return_condition`, `return_notes`, `assignment_notes`, `created_at`, `updated_at`) VALUES
(1, 82, 1, 1, 1, '2025-07-12', NULL, NULL, NULL, NULL, 'test assignment', '2025-07-12 16:28:43', '0000-00-00 00:00:00');

-- --------------------------------------------------------

--
-- Table structure for table `audit_log`
--

DROP TABLE IF EXISTS `audit_log`;
CREATE TABLE IF NOT EXISTS `audit_log` (
  `log_id` int(11) NOT NULL AUTO_INCREMENT,
  `user_id` int(11) DEFAULT NULL,
  `action` varchar(50) NOT NULL,
  `table_affected` varchar(50) NOT NULL,
  `record_id` varchar(20) DEFAULT NULL,
  `action_details` text,
  `ip_address` varchar(45) NOT NULL,
  `created_at` timestamp NOT NULL DEFAULT '0000-00-00 00:00:00',
  PRIMARY KEY (`log_id`),
  KEY `user_id` (`user_id`)
) ENGINE=InnoDB AUTO_INCREMENT=109 DEFAULT CHARSET=utf8mb4;

--
-- Dumping data for table `audit_log`
--

INSERT INTO `audit_log` (`log_id`, `user_id`, `action`, `table_affected`, `record_id`, `action_details`, `ip_address`, `created_at`) VALUES
(1, 1, 'Session Timeout', 'users', '1', 'Session expired due to inactivity', '::1', '2025-06-11 11:46:31'),
(2, 1, 'Logout', 'users', '1', 'User logged out', '::1', '2025-06-11 11:46:31'),
(3, 1, 'Login', 'users', '1', 'User logged in', '::1', '2025-06-11 11:46:35'),
(4, 1, 'Create', 'items', '1', 'Added new equipment: L.LAP-0001', '::1', '2025-06-11 11:47:49'),
(5, 1, 'Create', 'items', '2', 'Added new equipment: L.LAP-0002', '::1', '2025-06-11 11:54:35'),
(6, 1, 'Create', 'items', '3', 'Added new equipment: L.LAP-0003', '::1', '2025-06-11 11:56:42'),
(7, 1, 'Create', 'items', '4', 'Added new equipment: L.LAP-0004', '::1', '2025-06-11 11:58:05'),
(8, 1, 'Create', 'items', '5', 'Added new equipment: L.LAP-0005', '::1', '2025-06-11 12:00:02'),
(9, 1, 'Login', 'users', '1', 'User logged in', '::1', '2025-06-19 07:23:42'),
(10, 1, 'Session Timeout', 'users', '1', 'Session expired due to inactivity', '::1', '2025-06-19 11:15:00'),
(11, 1, 'Logout', 'users', '1', 'User logged out', '::1', '2025-06-19 11:15:00'),
(12, 1, 'Login', 'users', '1', 'User logged in', '::1', '2025-06-19 11:15:04'),
(13, 1, 'Login', 'users', '1', 'User logged in', '::1', '2025-06-24 12:05:20'),
(14, 1, 'Session Timeout', 'users', '1', 'Session expired due to inactivity', '::1', '2025-06-25 04:26:48'),
(15, 1, 'Logout', 'users', '1', 'User logged out', '::1', '2025-06-25 04:26:48'),
(16, NULL, 'Failed Login', 'users', NULL, 'Failed login attempt for: admin', '::1', '2025-06-25 07:27:21'),
(17, 1, 'Login', 'users', '1', 'User logged in', '::1', '2025-06-25 07:27:29'),
(18, 1, 'Session Timeout', 'users', '1', 'Session expired due to inactivity', '::1', '2025-06-25 09:21:23'),
(19, 1, 'Logout', 'users', '1', 'User logged out', '::1', '2025-06-25 09:21:23'),
(20, 1, 'Login', 'users', '1', 'User logged in', '::1', '2025-06-25 09:21:28'),
(21, 1, 'Session Timeout', 'users', '1', 'Session expired due to inactivity', '::1', '2025-06-25 12:10:48'),
(22, 1, 'Logout', 'users', '1', 'User logged out', '::1', '2025-06-25 12:10:48'),
(23, 1, 'Login', 'users', '1', 'User logged in', '::1', '2025-06-25 12:10:52'),
(24, 1, 'Session Timeout', 'users', '1', 'Session expired due to inactivity', '::1', '2025-06-25 13:01:55'),
(25, 1, 'Logout', 'users', '1', 'User logged out', '::1', '2025-06-25 13:01:55'),
(26, 1, 'Login', 'users', '1', 'User logged in', '::1', '2025-06-25 13:02:02'),
(27, 1, 'Session Timeout', 'users', '1', 'Session expired due to inactivity', '::1', '2025-06-26 08:50:35'),
(28, 1, 'Logout', 'users', '1', 'User logged out', '::1', '2025-06-26 08:50:35'),
(29, 1, 'Login', 'users', '1', 'User logged in', '::1', '2025-06-26 08:50:40'),
(30, 1, 'Session Timeout', 'users', '1', 'Session expired due to inactivity', '::1', '2025-06-26 10:59:46'),
(31, 1, 'Logout', 'users', '1', 'User logged out', '::1', '2025-06-26 10:59:46'),
(32, 1, 'Login', 'users', '1', 'User logged in', '::1', '2025-06-26 10:59:51'),
(33, 1, 'Login', 'users', '1', 'User logged in', '::1', '2025-07-04 12:15:21'),
(34, 1, 'Login', 'users', '1', 'User logged in', '::1', '2025-07-09 11:34:38'),
(35, 1, 'Create', 'items', '150', 'Added new equipment: ', '::1', '2025-07-09 12:03:18'),
(36, 1, 'Update', 'items', '150', 'Updated equipment: ', '::1', '2025-07-09 12:04:44'),
(37, 1, 'Update', 'items', '150', 'Updated equipment: ', '::1', '2025-07-09 12:23:49'),
(38, 1, 'Logout', 'users', '1', 'User logged out', '::1', '0000-00-00 00:00:00'),
(39, 1, 'Login', 'users', '1', 'User logged in', '::1', '0000-00-00 00:00:00'),
(40, 1, 'Update', 'items', '150', 'Updated equipment: ', '::1', '2025-07-09 10:59:50'),
(41, 1, 'Login', 'users', '1', 'User logged in', '::1', '2025-07-10 11:12:48'),
(42, 1, 'Assign', 'assignments', '1', 'Assigned equipment: L.LCD-0004 to user: 1', '::1', '2025-07-10 11:15:57'),
(43, 1, 'Session Timeout', 'users', '1', 'Session expired due to inactivity', '::1', '2025-07-10 16:43:52'),
(44, 1, 'Logout', 'users', '1', 'User logged out', '::1', '2025-07-10 16:43:52'),
(45, 1, 'Login', 'users', '1', 'User logged in', '::1', '2025-07-10 16:44:04'),
(46, 1, 'Return', 'assignments', '1', 'Returned equipment ID: 52 with condition: Damaged', '::1', '0000-00-00 00:00:00'),
(47, 1, 'Session Timeout', 'users', '1', 'Session expired due to inactivity', '::1', '2025-07-11 04:38:02'),
(48, 1, 'Logout', 'users', '1', 'User logged out', '::1', '2025-07-11 04:38:02'),
(49, 1, 'Login', 'users', '1', 'User logged in', '::1', '2025-07-11 04:38:11'),
(50, 1, 'Session Timeout', 'users', '1', 'Session expired due to inactivity', '::1', '2025-07-11 11:16:44'),
(51, 1, 'Logout', 'users', '1', 'User logged out', '::1', '2025-07-11 11:16:44'),
(52, 1, 'Login', 'users', '1', 'User logged in', '::1', '2025-07-11 11:16:51'),
(53, 1, 'Session Timeout', 'users', '1', 'Session expired due to inactivity', '::1', '2025-07-12 03:10:31'),
(54, 1, 'Logout', 'users', '1', 'User logged out', '::1', '2025-07-12 03:10:31'),
(55, 1, 'Login', 'users', '1', 'User logged in', '::1', '2025-07-12 03:10:35'),
(56, 1, 'Assign', 'assignments', '2', 'Asset Assigned: L.LCD-0021 to user: -', '::1', '2025-07-12 03:12:58'),
(57, 1, 'Assign', 'assignments', '3', 'Asset Assigned: L.LCD-0021 to user: -', '::1', '2025-07-12 03:13:46'),
(58, 1, 'Session Timeout', 'users', '1', 'Session expired due to inactivity', '::1', '2025-07-12 10:09:47'),
(59, 1, 'Logout', 'users', '1', 'User logged out', '::1', '2025-07-12 10:09:47'),
(60, 1, 'Login', 'users', '1', 'User logged in', '::1', '2025-07-12 10:09:51'),
(61, 1, 'Assign', 'assignments', '4', 'Asset Assigned: L.LCD-0021 to user: L0001-Khalid Issam Quftan Jewaid ', '::1', '2025-07-12 10:11:03'),
(62, 1, 'Session Timeout', 'users', '1', 'Session expired due to inactivity', '::1', '2025-07-12 10:45:16'),
(63, 1, 'Logout', 'users', '1', 'User logged out', '::1', '2025-07-12 10:45:16'),
(64, 1, 'Login', 'users', '1', 'User logged in', '::1', '2025-07-12 10:45:20'),
(65, 1, 'Assign', 'assignments', '5', 'Asset Assigned: L.LCD-0021 to user: L0002-Ayman Mohammed Abdealkhalik Hussein Abed', '::1', '2025-07-12 10:53:50'),
(66, 1, 'Assign', 'assignments', '1', 'Asset Assigned: L.LCD-0021 to user: L0001-Khalid Issam Quftan Jewaid ', '::1', '2025-07-12 10:58:43'),
(67, 1, 'Login', 'users', '1', 'User logged in', '::1', '2025-07-18 03:26:24'),
(68, 1, 'Session Timeout', 'users', '1', 'Session expired due to inactivity', '::1', '2025-07-18 05:13:28'),
(69, 1, 'Logout', 'users', '1', 'User logged out', '::1', '2025-07-18 05:13:28'),
(70, 1, 'Login', 'users', '1', 'User logged in', '::1', '2025-07-22 05:10:45'),
(71, 1, 'Session Timeout', 'users', '1', 'Session expired due to inactivity', '::1', '2025-07-22 06:20:00'),
(72, 1, 'Logout', 'users', '1', 'User logged out', '::1', '2025-07-22 06:20:00'),
(73, 1, 'Login', 'users', '1', 'User logged in', '::1', '2025-07-22 06:20:05'),
(74, NULL, 'Failed Login', 'users', NULL, 'Failed login attempt for: admin', '::1', '2025-07-24 03:56:41'),
(75, 1, 'Login', 'users', '1', 'User logged in', '::1', '2025-07-24 03:56:44'),
(76, 1, 'Session Timeout', 'users', '1', 'Session expired due to inactivity', '::1', '2025-07-24 05:46:23'),
(77, 1, 'Logout', 'users', '1', 'User logged out', '::1', '2025-07-24 05:46:23'),
(78, NULL, 'Failed Login', 'users', NULL, 'Failed login attempt for: admin', '::1', '2025-07-24 05:46:29'),
(79, 1, 'Login', 'users', '1', 'User logged in', '::1', '2025-07-24 05:46:34'),
(80, 1, 'Session Timeout', 'users', '1', 'Session expired due to inactivity', '::1', '2025-07-24 06:46:06'),
(81, 1, 'Logout', 'users', '1', 'User logged out', '::1', '2025-07-24 06:46:06'),
(82, 1, 'Login', 'users', '1', 'User logged in', '::1', '2025-07-24 06:46:10'),
(83, 1, 'Update', 'locations', '1', 'Location Update: Head Office', '::1', '2025-07-24 08:31:02'),
(84, 1, 'Update', 'locations', '2', 'Location Update: Project Office - Baraka', '::1', '2025-07-24 08:31:08'),
(85, 1, 'Update', 'locations', '2', 'Location Update: Project Office - Baraka', '::1', '2025-07-24 08:31:15'),
(86, 1, 'Create', 'locations', '4', 'Location Create: New Location', '::1', '2025-07-24 08:31:34'),
(87, 1, 'Session Timeout', 'users', '1', 'Session expired due to inactivity', '::1', '2025-07-24 07:34:50'),
(88, 1, 'Logout', 'users', '1', 'User logged out', '::1', '2025-07-24 07:34:50'),
(89, 1, 'Login', 'users', '1', 'User logged in', '::1', '2025-07-24 07:34:56'),
(90, 1, 'Create', 'employee', '196', 'Added employee: L0029', '::1', '2025-07-24 09:05:57'),
(91, 1, 'Update', 'employee', '196', 'Updated employee: L0029', '::1', '2025-07-24 09:06:09'),
(92, 1, 'Delete', 'employee', '196', 'Deleted employee record', '::1', '2025-07-24 09:12:14'),
(93, 1, 'Session Timeout', 'users', '1', 'Session expired due to inactivity', '::1', '2025-07-24 10:55:07'),
(94, 1, 'Logout', 'users', '1', 'User logged out', '::1', '2025-07-24 10:55:07'),
(95, 1, 'Login', 'users', '1', 'User logged in', '::1', '2025-07-24 10:55:18'),
(96, 1, 'Login', 'users', '1', 'User logged in', '::1', '2025-07-26 06:43:36'),
(97, 1, 'Login', 'users', '1', 'User logged in', '192.168.0.250', '2025-07-26 07:12:04'),
(98, 1, 'Session Timeout', 'users', '1', 'Session expired due to inactivity', '192.168.0.250', '2025-07-26 08:59:38'),
(99, 1, 'Logout', 'users', '1', 'User logged out', '192.168.0.250', '2025-07-26 08:59:38'),
(100, 1, 'Login', 'users', '1', 'User logged in', '192.168.0.250', '2025-07-26 08:59:48'),
(101, 1, 'Session Timeout', 'users', '1', 'Session expired due to inactivity', '::1', '2025-07-26 09:02:44'),
(102, 1, 'Logout', 'users', '1', 'User logged out', '::1', '2025-07-26 09:02:44'),
(103, 1, 'Login', 'users', '1', 'User logged in', '::1', '2025-07-26 09:02:49'),
(104, 1, 'Email Sent', 'employee', '1', 'Sent asset list PDF to employee ID L0001 (isurangaid@gmail.com)', '::1', '2025-07-26 11:45:39'),
(105, 1, 'Email Sent', 'employee', '1', 'Sent asset list PDF to employee ID L0001 (it@abcd.com)', '::1', '2025-07-26 11:51:00'),
(106, 1, 'Session Timeout', 'users', '1', 'Session expired due to inactivity', '::1', '2025-07-26 11:15:52'),
(107, 1, 'Logout', 'users', '1', 'User logged out', '::1', '2025-07-26 11:15:52'),
(108, 1, 'Login', 'users', '1', 'User logged in', '::1', '2025-07-26 11:15:59');

-- --------------------------------------------------------

--
-- Table structure for table `category`
--

DROP TABLE IF EXISTS `category`;
CREATE TABLE IF NOT EXISTS `category` (
  `category_id` int(11) NOT NULL AUTO_INCREMENT,
  `name` text,
  `created_at` timestamp NOT NULL DEFAULT '0000-00-00 00:00:00',
  PRIMARY KEY (`category_id`)
) ENGINE=InnoDB AUTO_INCREMENT=16 DEFAULT CHARSET=utf8mb4;

--
-- Dumping data for table `category`
--

INSERT INTO `category` (`category_id`, `name`, `created_at`) VALUES
(1, 'Computer', '2025-06-19 07:54:26'),
(2, 'Servers', '2025-06-19 07:54:26'),
(3, 'Mobile Devices', '2025-06-19 07:54:26'),
(4, 'Networking Equipment', '2025-06-19 07:54:26'),
(5, 'Peripherals', '2025-06-19 07:54:26'),
(6, 'Storage Devices', '2025-06-19 07:54:26'),
(7, 'Power Equipment', '2025-06-19 07:54:26'),
(8, 'Audio/Visual Equipment', '2025-06-19 07:54:26'),
(9, 'Cables & Adapters', '2025-06-19 07:54:26'),
(10, 'Software', '2025-06-19 07:54:26'),
(11, 'Licenses & Subscriptions', '2025-06-19 07:54:26'),
(12, 'Office Equipment', '2025-06-19 07:54:26'),
(13, 'Accessories', '2025-06-19 07:54:26'),
(14, 'Maintenance', '2025-06-19 07:54:26'),
(15, 'Other', '2025-06-19 09:22:41');

-- --------------------------------------------------------

--
-- Table structure for table `employee`
--

DROP TABLE IF EXISTS `employee`;
CREATE TABLE IF NOT EXISTS `employee` (
  `id` int(10) UNSIGNED NOT NULL AUTO_INCREMENT,
  `employee_id` varchar(45) NOT NULL DEFAULT '',
  `employee_title` varchar(45) NOT NULL DEFAULT '',
  `employee_name` varchar(150) NOT NULL DEFAULT '',
  `designation` varchar(45) NOT NULL DEFAULT '',
  `email` varchar(150) DEFAULT NULL,
  `working_location` varchar(45) NOT NULL DEFAULT '',
  `employment_status` tinyint(2) UNSIGNED NOT NULL DEFAULT '0',
  `resigned_date` date NOT NULL DEFAULT '0000-00-00',
  `resigned_type` varchar(45) NOT NULL DEFAULT '',
  PRIMARY KEY (`id`)
) ENGINE=InnoDB AUTO_INCREMENT=197 DEFAULT CHARSET=utf8;

--
-- Dumping data for table `employee`
--

INSERT INTO `employee` (`id`, `employee_id`, `employee_title`, `employee_name`, `designation`, `email`, `working_location`, `employment_status`, `resigned_date`, `resigned_type`) VALUES
(1, 'L0001', '', 'Khalid Issam Quftan Jewaid ', 'Managing Director (MD)', 'ayman.abed@abcd.com', 'Main Office', 1, '0000-00-00', ''),
(2, 'L0002', '', 'Ayman Mohammed Abdealkhalik Hussein Abed', 'Chief Executive Officer (CEO)', 'Khalid.Issam@abcd.com', 'Main Office', 1, '0000-00-00', ''),
(3, 'L0003', '', 'Alpees Dsouza Urban Dsouza', 'Commercial Manager', 'a.dsouza@abcd.com', 'Main Office', 1, '0000-00-00', ''),
(4, 'L0005', '', 'Amir Hossain Enamul Haque', 'Foreman', NULL, 'Baraka', 1, '0000-00-00', ''),
(5, 'L0006', '', 'Khaled M Amin Bakeer', 'General Manager (GM)', NULL, 'Main Office', 1, '0000-00-00', ''),
(6, 'L0007', '', 'Mahran Majed Hassan', 'Site Manager', NULL, 'P-015', 1, '0000-00-00', ''),
(7, 'L0008', '', 'Samdar Singh Yogi Lachhu Ram Yogi', 'Foreman', NULL, 'P-12 E-20', 1, '0000-00-00', ''),
(8, 'L0009', '', 'Alaa Nasser Abdellatif Ibrahim Gawish', 'Technical Engineer', 'alaa.n@abcd.com', 'Main Office', 1, '0000-00-00', ''),
(9, 'L0010', '', 'Bharathiselvan Selvaraj Selvaraj', 'Foreman', NULL, 'P006 - Liwa', 1, '0000-00-00', ''),
(10, 'L0011', '', 'Abd salam Moahmmad Hasan Rawshedh', 'Construction Manager', 'a.rawashdeh@abcd.com', 'Baraka', 1, '0000-00-00', ''),
(11, 'L0012', '', 'Robin Dcruz Dcruz ', 'Land Surveyor', NULL, 'Baraka', 1, '0000-00-00', ''),
(12, 'L0013', '', 'Roshan Dsouza Marshel Dsouza', 'Asst.QS', NULL, 'Baraka', 1, '0000-00-00', ''),
(13, 'L0014', '', 'Nayef Ayman Nayef Nemr Dawas', 'Project Engineer', 'nayef.dawas@abcd.com', 'Innovo-DXB -P010', 1, '0000-00-00', ''),
(14, 'L0015', '', 'Abdul halim Abdul Munaf', 'Foreman', NULL, 'Baraka', 1, '0000-00-00', ''),
(15, 'L0018', '', 'Gurbhej Singh Gurdial Singh', 'Driver, Cranecar ', NULL, 'Workshop', 1, '0000-00-00', ''),
(16, 'L0021', '', 'Waheeb Magdi Mahmoud Mohamed Amer', 'General Accountant', 'waheeb.a@abcd.com', 'Main Office', 1, '0000-00-00', ''),
(17, 'L0024', '', 'Ramiz Raja Nazeer Nazeer Mohamed Haneefa', 'QS Manager', NULL, 'Main Office', 1, '0000-00-00', ''),
(18, 'L0025', '', 'Marco Najib Mawad', 'Project Manager', 'marco.mawad@abcd.com', 'Main Office - P011', 1, '0000-00-00', ''),
(19, 'L0026', '', 'Ahin Prakash Prakasan Othayoth', 'Technical coordinator', 'ahin.p@abcd.com', 'Main Office - P010', 1, '0000-00-00', ''),
(20, 'L0027', '', 'Chinna Thambi Muthu Muthu', 'Assistant Surveyor', NULL, 'Baraka', 1, '0000-00-00', ''),
(21, 'L0028', '', 'Osama Mohammed Abdelkhalek Abed', 'Head Of Logistics & Workshop', 'osama.abed@abcd.com', 'P50- P-51- P52-Main Store', 1, '0000-00-00', ''),
(22, 'L0029', '', 'Sahib Zada Wazir Zada', 'Foreman', NULL, 'Baraka', 1, '0000-00-00', ''),
(23, 'L0030', '', 'Jalil Mollah Ali Akbar Mollah', 'Foreman', NULL, 'Baraka', 1, '0000-00-00', ''),
(24, 'L0032', '', 'Usman Abbas Ghulam Abbas Sian', 'QA/QC & Materail Manager', 'usman.abbas@abcd.com', 'Main Office', 1, '0000-00-00', ''),
(25, 'L0033', '', 'Farman Ullah Gul Karim', 'Driver office', NULL, 'Main Office', 1, '0000-00-00', ''),
(26, 'L0034', '', 'Mohammad Gamal Farag Elsheshtawy Elsayed', 'Site Engineer ', NULL, 'Baraka', 1, '0000-00-00', ''),
(27, 'L0035', '', 'Manikandan Thottupura Dharma Rajan', 'Sr. Draftsman ', NULL, 'Main Office -to all projects', 1, '0000-00-00', ''),
(28, 'L0036', '', 'Mohammed Irshad kadri Mohammad Shamim', 'HSE Officer ', NULL, 'Main Office -to all projects', 1, '0000-00-00', ''),
(29, 'L0040', '', 'Muhammad Rafiq Wazir Khan', 'Storekeeper', NULL, 'P-12 E-20', 1, '0000-00-00', ''),
(30, 'L0041', '', 'Ali Arbaz Azam Ali', 'Project Engineer ', 'ali.arbaz@abcd.com', 'P-05 - Baraka', 1, '0000-00-00', ''),
(31, 'L0047', '', 'Virinder Kumar Sharma Harmesh Kumar', 'JCB Operator', NULL, 'Baraka', 1, '0000-00-00', ''),
(32, 'L0051', '', 'Brijesh Kumar Feku Prasad', 'HSE Officer', NULL, 'Innovo-DXB', 1, '0000-00-00', ''),
(33, 'L0052', '', 'Arshad Dewan Rashid Dewan', 'Office Boy', NULL, 'Main Office', 1, '0000-00-00', ''),
(34, 'L0053', '', 'Ahmed Ali Saddek Mohamed', 'Senior Administrator', NULL, 'Main Office', 1, '0000-00-00', ''),
(35, 'L0055', '', 'Fatima Zahraa Hanine', 'Receptionist cum Secratory', NULL, 'Main Office', 1, '0000-00-00', ''),
(36, 'L0056', '', 'Sadik Pokkulangara Aboobacker Aboobacker', 'Sr. Draughtsman', NULL, 'Main Office -to all projects', 1, '0000-00-00', ''),
(37, 'L0058', '', 'Balkar Singh Dilbag Singh', 'Hevery Vehicel Driver', NULL, 'Workshop', 1, '0000-00-00', ''),
(38, 'L0059', '', 'Harmesh Lal Balvir Kumar', 'Foreman', NULL, 'P-12 E-20', 1, '0000-00-00', ''),
(39, 'L0060', '', 'Syed Touseef Shah Hanif Shah', 'HSE Manager', 'syed.t@abcd.com', 'Main Office - All Sites', 1, '0000-00-00', ''),
(40, 'L0065', '', 'Sathian Makkalikkal Balan Makkalikkal Ravunny Balan', 'Draftman Water deivision', NULL, 'P-12 E-20', 1, '0000-00-00', ''),
(41, 'L0068', '', 'Mujtaba Kamal Muhammad Nawaz Malik Bhatti', 'General Accountant', 'mujtaba.k@abcd.com', 'Main Office', 1, '0000-00-00', ''),
(42, 'L0071', '', 'Shamsher Singh Kulwinder Singh ', 'Operator ', NULL, 'Baraka', 1, '0000-00-00', ''),
(43, 'L0072', '', 'Rajesree Nair Pratheesh Chithra Mohanan', 'Assistant QS Engineer', NULL, 'Main Office', 1, '0000-00-00', ''),
(44, 'L0075', '', 'Muhammadali Paduvil Kunhali Paduvil', 'Office Boy', NULL, 'Main Office', 1, '0000-00-00', ''),
(45, 'L0077', '', 'Waqas Latif Muhammad Latif', 'Operator Forklift', NULL, 'Baraka', 1, '0000-00-00', ''),
(46, 'L0079', '', 'Kinan Majed Hassan', 'Foreman-Civil', NULL, 'Innovo-DXB', 1, '0000-00-00', ''),
(47, 'L0080', '', 'Shyam preet Yadav Bhual Yadav', 'Welder ', NULL, 'Workshop', 1, '0000-00-00', ''),
(48, 'L0081', '', 'Rajinder Singh Karnail Singh', 'Foreman-Civil', NULL, 'Baraka', 1, '0000-00-00', ''),
(49, 'L0083', '', 'Mohmmed Haneef Khan Mohammed Nazeer Khan', 'DC cum Secretary', 'dc@abcd.com', 'Main Office', 1, '0000-00-00', ''),
(50, 'L0086', '', 'Ahmed Mohamed Abdelkhalek Hussein Abed', 'PRO', 'ahmed.abed@abcd.com', 'Main Office', 1, '0000-00-00', ''),
(51, 'L0089', '', 'Lakhvir Ram Darshan Singh', 'Asst. Forman', NULL, 'P12 E-20', 1, '0000-00-00', ''),
(52, 'L0090', '', 'Shonki Masih Nek Masih', 'Asst. Forman', NULL, 'Baraka', 1, '0000-00-00', ''),
(53, 'L0094', '', 'Dindayal Sharma Madan Lal Sharma', 'Civil Forman', NULL, 'Baraka', 1, '0000-00-00', ''),
(54, 'L0095', '', 'Randhir Kumar Shwaminath Sah', 'Multi Technician- Utilites', NULL, 'Baraka', 1, '0000-00-00', ''),
(55, 'L0096', '', 'Ramjith Chauhan Rambilash Chauhan', 'Pipe Fitter cum Carpanter', NULL, 'Baraka', 1, '0000-00-00', ''),
(56, 'L0097', '', 'Santosh Ram Jogendra Ram', 'Pipe Fitter- WD', NULL, 'Baraka', 1, '0000-00-00', ''),
(57, 'L0098', '', 'Arya Kuriyakkot Harilal Kuriyakkot Velappan', 'Asst. Technical Enginer', NULL, 'Main Office - P010', 1, '0000-00-00', ''),
(58, 'L0099', '', 'Gius uddin Nurul Haque', 'Security Guard ', NULL, 'Main Office', 1, '0000-00-00', ''),
(59, 'L0101', '', 'Subhash Om Prakash', 'Mason', NULL, 'Baraka', 1, '0000-00-00', ''),
(60, 'L0102', '', 'Ram Lubhaya Piara Ram', 'Pipe Fitter- WD', NULL, 'Baraka', 1, '0000-00-00', ''),
(61, 'L0104', '', 'Neeraj Pantheerayil Narayanan Gopalan Narayan Gopalan', 'Jr. QS', NULL, 'Innovo-DXB', 1, '0000-00-00', ''),
(62, 'L0105', '', 'Nishad Pokkakkillath Kunjimon', 'Draftsman ', NULL, 'Main Office -to all projects', 1, '0000-00-00', ''),
(63, 'L0106', '', 'Walid Abdulmajid  Ghura', 'General Foreman', NULL, 'Baraka', 1, '0000-00-00', ''),
(64, 'L0107', '', 'Sameh Ibrahim Eldessouki Abdelfattah Ibrahim', 'Fleet & Assets Coordinator', NULL, 'P-51 Transport', 1, '0000-00-00', ''),
(65, 'L0108', '', 'Zacharia Koshy Manaparampil', 'Gen. Foreman', NULL, 'Sadiyat Lagon', 1, '0000-00-00', ''),
(66, 'L0110', '', 'Khalifa Mohamed Husain Ali Alhammadi', 'Administractive Assistant ', 'admin@abcd.com', 'Main Office', 1, '0000-00-00', ''),
(67, 'L0111', '', 'Amjed Mahmoud Naji Abunasseriyh', 'Construction Manager', 'amjed.m@abcd.com', 'P-015', 1, '0000-00-00', ''),
(68, 'L0113', '', 'Rasheed Thayyil Alavi Kutty Thayyil', 'Land Surveyor', NULL, 'Baraka', 1, '0000-00-00', ''),
(69, 'L0114', '', 'Rahman Ullah Gul Mali Khan', 'Bobcat Operator ', NULL, 'Baraka', 1, '0000-00-00', ''),
(70, 'L0115', '', 'Junaid Khan Haji Gul', 'Assistant QA/QC ', NULL, 'Baraka', 1, '0000-00-00', ''),
(71, 'L0118', '', 'Malik Muhammad Ali', 'Jr. Accountant', NULL, 'Main Office', 1, '0000-00-00', ''),
(72, 'L0120', '', 'Muhammad Mumtaz Siraj Din', 'Driver-3ton Pickup', NULL, 'P-12 E-20', 1, '0000-00-00', ''),
(73, 'L0122', '', 'Mohamed Safeer Seyed Ahamed', 'QS Engineer', NULL, 'Main Office -P12 - E20', 1, '0000-00-00', ''),
(74, 'L0123', '', 'Ahmed Khuda Bakhsh Khuda Baksh', 'Asst. Storekeeper ', NULL, 'Baraka', 1, '0000-00-00', ''),
(75, 'L0124', '', 'Surendra Prajapati Sudama Prajapati', 'Carpanter', NULL, 'Sadiyat Lagon', 1, '0000-00-00', ''),
(76, 'L0125', '', 'Manmehakjit Singh Sukhraj Singh', 'Carpanter', NULL, 'P-12 E-20', 1, '0000-00-00', ''),
(77, 'L0126', '', 'Nithin Kumar  Mulakh Raj', 'Steel fixer', NULL, 'Baraka', 1, '0000-00-00', ''),
(78, 'L0127', '', 'Pawan Kumar Nikka Ram', 'Civil Technican ', NULL, 'P-11 Sadiyat Lagon', 1, '0000-00-00', ''),
(79, 'L0128', '', 'Manoj Kumar Dinanath Sah', 'Carpanter', NULL, 'Baraka', 1, '0000-00-00', ''),
(80, 'L0129', '', 'Kamal Kumar Yadav Rudal Yadav', 'Carpanter', NULL, 'Baraka', 1, '0000-00-00', ''),
(81, 'L0130', '', 'Kamlesh Ray Ram Sajan Ray', 'Carpanter', NULL, 'Baraka', 1, '0000-00-00', ''),
(82, 'L0131', '', 'Shahid Ali Jainul Abedin Ansari', 'Carpanter', NULL, 'Baraka', 1, '0000-00-00', ''),
(83, 'L0132', '', 'Sharma Nand Prasad Doma Prasad', 'Carpanter', NULL, 'Baraka', 1, '0000-00-00', ''),
(84, 'L0133', '', 'Upendra Kumar Harelal Mahto', 'Carpanter', NULL, 'Baraka', 1, '0000-00-00', ''),
(85, 'L0134', '', 'Adeel Qasim Muhammad Qasim', 'Pipefitter ', NULL, 'Sadiyat Lagon', 1, '0000-00-00', ''),
(86, 'L0135', '', 'Muhammad Zahir Hunar Khan', 'Foreman -earthwork', NULL, 'Baraka', 1, '0000-00-00', ''),
(87, 'L0136', '', 'Sanal Thaivalappil Pushkaran', 'HSE Officer ', NULL, 'P-015', 1, '0000-00-00', ''),
(88, 'L0137', '', 'Irsal Nisar Ali', 'Technician Civil ', NULL, 'P001 - Al Ain', 1, '0000-00-00', ''),
(89, 'L0138', '', 'Mohamed Elsyed Abdelazim Gaballa Elshafei', 'Admin', 'elsyed@abcd.com', 'Baraka', 1, '0000-00-00', ''),
(90, 'L0141', '', 'Dona Subhashi Lakshani Dissanayake', 'HR & ADMIN Assistant', 'hr@abcd.com', 'Main Office', 1, '0000-00-00', ''),
(91, 'L0142', '', 'Jan Draz Khan Umar Daraz', 'Mechanic', NULL, 'Workshop', 1, '0000-00-00', ''),
(92, 'L0143', '', 'Sabry Abdalla Elsafy Abd Elalim', 'Foreman Irrigation ', NULL, 'Baraka', 1, '0000-00-00', ''),
(93, 'L0144', '', 'Najid Khan Shad Nali Khan', 'Steel fixer', NULL, 'Sadiyat Lagon', 1, '0000-00-00', ''),
(94, 'L0146', '', 'Muhammad Attiq Ur Rehman Rukman Din', 'Operator-Excavator', NULL, 'Baraka', 1, '0000-00-00', ''),
(95, 'L0150', '', 'Sukhwinder Kumar Chuni Lal', 'Auto Electrcian ', NULL, 'Workshop-ICAD', 1, '0000-00-00', ''),
(96, 'L0151', '', 'Muhammad Adnan Khan Noor Hashim', 'HSE Inspector', NULL, 'Baraka', 1, '0000-00-00', ''),
(97, 'L0152', '', 'Sadikali Cheerambathur Muhamed Musthafa', 'JR. Draftman', NULL, 'Main Office -to all projects', 1, '0000-00-00', ''),
(98, 'L0153', '', 'Manar Haidar Ghareeb', 'Planning & Cost control Lead', 'manar.g@abcd.com', 'Main Office - All Sites', 1, '0000-00-00', ''),
(99, 'L0154', '', 'Issa Ayman Salem Alrabadi', 'Site Engineer ', NULL, 'Sadiyat Lagon', 1, '0000-00-00', ''),
(100, 'L0155', '', 'Faiz Ullah Jahid Hussain', 'Asst.QA/QC', NULL, 'P-12 E-20', 1, '0000-00-00', ''),
(101, 'L0156', '', 'Rahul Sharma Avidhnath Sharma', 'HDPE Welder', NULL, 'Sadiyat Lagon', 1, '0000-00-00', ''),
(102, 'L0158', '', 'Jit Bahadur Basnet', 'Landscape', NULL, 'Baraka', 1, '0000-00-00', ''),
(103, 'L0159', '', 'Sana Ullah Zarstan Khan', 'Shovel', NULL, 'Baraka', 1, '0000-00-00', ''),
(104, 'L0161', '', 'Dauwd Mohamad Ahmed ', 'Helper', NULL, 'P52-Main Store', 1, '0000-00-00', ''),
(105, 'L0164', '', 'Muhammed Abdulmonem Mohamed Taher', 'Assistant Accountant', NULL, 'Main Office ', 1, '0000-00-00', ''),
(106, 'L0165', '', 'Hasanain Ali Shah Ayub Hussain Shah', 'Steel fixer', NULL, 'Baraka', 1, '0000-00-00', ''),
(107, 'L0166', '', 'Jamal Halim', 'Pipe Fitter', NULL, 'P001 - Al Ain', 1, '0000-00-00', ''),
(108, 'L0167', '', 'Amija Behin Jeya Kumar', 'Assistant QS Engineer', NULL, 'Main Office ', 1, '0000-00-00', ''),
(109, 'L0168', '', 'Zain Iqbal', 'Draftman', NULL, 'P-12 E-20', 1, '0000-00-00', ''),
(110, 'L0169', '', 'Muhammad Aftab Qamar', 'HSE Officer', NULL, 'P-12 E-20', 1, '0000-00-00', ''),
(111, 'L0170', '', 'Nurul Hoda Ansari', 'Plumber - Irrigation', NULL, 'Baraka', 1, '0000-00-00', ''),
(112, 'L0173', '', 'Abdalaziz Ebrahim ', 'Site Engineer', NULL, 'P-12 E-20', 1, '0000-00-00', ''),
(113, 'L0174', '', 'Hira Lal', 'Multi Technician- Civil', NULL, 'P-15 Hafeet Rail', 1, '0000-00-00', ''),
(114, 'L0175', '', 'Rahul Kuzhiparambil Rajamani', 'Asst.Draftman Cum BIM Modular', 'rahol@abcd.com', 'P-05 - Baraka', 1, '0000-00-00', ''),
(115, 'L0176', '', 'Shehta Ahmed Abdelrazek Mohamed', 'Chief Land Surveyor', 'shehta.m@abcd.com', 'All Projects (P-12 E-20)', 1, '0000-00-00', ''),
(116, 'L0177', '', 'Ala Emad Abd Al Majed', 'Store & Workshop Coordinator', 'alaa.majed@abcd.com', 'Workshop & Store ', 1, '0000-00-00', ''),
(117, 'L0178', '', 'Nishet Dsouza', 'Assistant QS Engineer', NULL, 'Baraka', 1, '0000-00-00', ''),
(118, 'L0179', '', 'Ahmed Adel Mohamed', 'Site Engineer', NULL, 'Main Office', 1, '0000-00-00', ''),
(119, 'L0180', '', 'Muhammad Saad', 'Light Vehicle Driver', NULL, 'P051 Transport', 1, '0000-00-00', ''),
(120, 'L0182', '', 'Shahbaz Ahmed', 'Electrical Foreman', NULL, 'ICAD (Later P12- E20)', 1, '0000-00-00', ''),
(121, 'L0183', '', 'Sadam Hussain', 'Mason', NULL, 'ICAD', 1, '0000-00-00', ''),
(122, 'L0184', '', 'Amro Adel Mohamed', 'Site Engineer', NULL, 'Ras Al Kaimah', 1, '0000-00-00', ''),
(123, 'L0185', '', 'Akhtar Rashid', 'Store Helper', NULL, 'Main Store-ICAD', 1, '0000-00-00', ''),
(124, 'L0186', '', 'Don Gimesh Isuranga', 'IT Engineer', 'It@abcd.com', 'Main Office', 1, '0000-00-00', ''),
(125, 'L0188', '', 'Anusree K. Pradeep', 'QS Engineer', NULL, 'Main Office ', 1, '0000-00-00', ''),
(126, 'L0189', '', 'Lamya Thani Ateeq Majed Almheiri', 'Receptionist ', NULL, 'Main Office ', 1, '0000-00-00', ''),
(127, 'L0190', '', 'Shamnad Ismail', 'Draftsman ', NULL, 'Main Office -to all projects', 1, '0000-00-00', ''),
(128, 'L0191', '', 'Golam Haider', 'Pipe Fitter', NULL, 'P100', 1, '0000-00-00', ''),
(129, 'L0192', '', 'Muhammad Zakiria', 'Light Vehicle Driver', NULL, 'P51 - Transport', 1, '0000-00-00', ''),
(130, 'L0193', '', 'Mohammed Shahadat Hossain', 'Foreman', NULL, 'P15', 1, '0000-00-00', ''),
(131, 'L0194', '', 'Siraj Ullah Mohammad', 'Heavy Vehicle Driver ', NULL, 'P51 - Transport', 1, '0000-00-00', ''),
(132, 'L0195', '', 'Kannan Janardhanan', 'Assistant Procurement Engineer', 'kannan.j@abcd.com', 'PCT-001', 1, '0000-00-00', ''),
(133, 'L0196', '', 'Waleed Marzouk Helmy', 'Assistant Forman', NULL, 'P12 E-20', 1, '0000-00-00', ''),
(134, 'L0197', '', 'Aziz Ur Rahman', 'QA/QC Inspector', NULL, 'P12 E-20', 1, '0000-00-00', ''),
(135, 'L0198', '', 'Mohammad Osama Khaleefa', 'Procurement Lead', NULL, 'PCT-001', 1, '0000-00-00', ''),
(136, 'L0199', '', 'Ghasiram Devanda', 'Labour', NULL, 'P12 E-20', 1, '0000-00-00', ''),
(137, 'L0004', '', 'Deema Rami', 'Planning Manager', NULL, '', 2, '0000-00-00', 'Left -No more with LGC'),
(138, 'L0016', '', 'Ibrahim Hassan Alturjoman', 'Project Lead', NULL, '', 2, '2024-10-02', 'Left -No more with LGC'),
(139, 'L0017', '', 'Naresh Kumar', 'Technician', NULL, '', 2, '2024-10-21', 'Left -No more with LGC'),
(140, 'L0019', '', 'Balan Sunil', 'Senior Draftman', NULL, '', 2, '0000-00-00', 'Left -No more with LGC'),
(141, 'L0020', '', 'Ashwin Dsouza Nattihithlu Felix Dsouza', 'Quantity Surveyor', NULL, '', 2, '0000-00-00', 'Left -No more with LGC'),
(142, 'L0022', '', 'Fayiz Mohammed', 'Senior Draftman', NULL, '', 2, '0000-00-00', 'Left -No more with LGC'),
(143, 'L0023', '', 'Sooraj Thomas Tharian Sathesh Tharian', 'Planning Engineer', NULL, '', 2, '2025-02-28', 'Resigned '),
(144, 'L0031', '', 'Sajana Aliyar', 'Document Controller', NULL, '', 2, '0000-00-00', 'Left -No more with LGC'),
(145, 'L0037', '', 'Starlin Milon ', 'Planning & Cost Control Manager', NULL, '', 2, '2024-07-05', 'Left -No more with LGC'),
(146, 'L0038', '', 'Aslam Basheer', 'Draft man', NULL, '', 2, '0000-00-00', 'Left -No more with LGC'),
(147, 'L0039', '', 'Roland Guzman', 'Document Controller', NULL, '', 2, '0000-00-00', 'Left -No more with LGC'),
(148, 'L0042', '', 'Mubashar Adeel Muhammad', 'Electrician', NULL, '', 2, '0000-00-00', 'Left -No more with LGC'),
(149, 'L0043', '', 'Muhammad Mateen Muhammad Latif', 'Senior HR Officer', NULL, '', 2, '2025-04-14', 'Resigned '),
(150, 'L0045', '', 'Mohamed kanju (Abu Malik)', 'Gen. Forman', NULL, '', 2, '0000-00-00', 'Left -No more with LGC'),
(151, 'L0046', '', 'Muhammad Imran  ', 'Assistant Land Surveyor', NULL, '', 2, '0000-00-00', 'Resigned '),
(152, 'L0048', '', 'Muhammad Imran Safdar ', 'Chief Surveyor', NULL, '', 2, '0000-00-00', 'Left -No more with LGC'),
(153, 'L0049', '', 'Bin Riji', 'Assist. Draftsman', NULL, '', 2, '0000-00-00', 'Left -No more with LGC'),
(154, 'L0050', '', 'Dilan Ruwnatha De silva Hathadura', 'QS Engineer', NULL, '', 2, '2025-05-18', 'Resigned '),
(155, 'L0054', '', 'Muruganantham Dharmaraj Dharmaraj', 'Steel fixer', NULL, '', 2, '2025-02-27', 'Termination'),
(156, 'L0057', '', 'Faizan Nigah', 'Project Coordinator-interface', NULL, '', 2, '2024-07-11', 'Left -No more with LGC'),
(157, 'L0061', '', 'Ghani Ur Rehman ', 'Pipe Fitter', NULL, '', 2, '0000-00-00', 'Left -No more with LGC'),
(158, 'L0062', '', 'Rehman Habib', 'Pipe Fitter', NULL, '', 2, '0000-00-00', 'Left -No more with LGC'),
(159, 'L0063', '', 'Saeed Ahmed', 'Pipe Fitter', NULL, '', 2, '0000-00-00', 'Left -No more with LGC'),
(160, 'L0064', '', 'Bhuvanendran Nair', 'Project Manager', NULL, '', 2, '0000-00-00', 'Left -No more with LGC'),
(161, 'L0066', '', 'Jinny Jacob', 'Planning Engineer', NULL, '', 2, '0000-00-00', 'Left -No more with LGC'),
(162, 'L0067', '', 'Wakil Ahmed ', 'Qa/QC Inspector', NULL, '', 2, '0000-00-00', 'Left -No more with LGC'),
(163, 'L0069', '', 'Mohsin Ali', 'Assistant Forman', NULL, '', 2, '0000-00-00', 'Left -No more with LGC'),
(164, 'L0073', '', 'Michael Edward Naguib Botros', 'Projects Director', NULL, '', 2, '2024-02-14', 'Resigned '),
(165, 'L0074', '', 'Emad Hamad', 'General Manager (GM)', NULL, '', 2, '2024-07-11', 'Left -No more with LGC'),
(166, 'L0076', '', 'Roger John Benadict John Benadit', 'Assistant Planning Engineer', NULL, '', 2, '0000-00-00', 'Left -No more with LGC'),
(167, 'L0078', '', 'Shijo Job Muringgathery Job', 'Draftsman ', NULL, '', 2, '2025-04-19', 'Resigned '),
(168, 'L0082', '', 'Emad Metwally ', 'Foreman', NULL, '', 2, '0000-00-00', 'Left -No more with LGC'),
(169, 'L0084', '', 'Sobhi A. Moushtaha', 'Techincial Engineer BIM Moduler', NULL, '', 2, '2024-11-03', 'Left -No more with LGC'),
(170, 'L0085', '', 'Immad Hassan Mushtaq Haider', 'QA/QC Assistant ', NULL, '', 2, '2024-11-09', 'Left -No more with LGC'),
(171, 'L0087', '', 'Harpeet  Singh Bant Singh', 'Driver- Pickup crane', NULL, '', 2, '2025-04-09', 'Resigned '),
(172, 'L0088', '', 'Gurdeep Singh', 'Carpanter', NULL, '', 2, '2025-02-27', 'Termination'),
(173, 'L0091', '', 'Wasim Abdah Ghannoum', 'Mechanic cum Electrician- H Equipment', NULL, '', 2, '2024-11-09', 'Left -No more with LGC'),
(174, 'L0092', '', 'Gagandeep  Singh Hakam Singh', 'Driver Light vehicle ', NULL, '', 2, '0000-00-00', 'Left -No more with LGC'),
(175, 'L0093', '', 'Haris Mehmood Raiz Ul Haq', 'Operator - Excavator ', NULL, '', 2, '2025-04-19', 'Resigned '),
(176, 'L0100', '', 'Hazim Bassam Hanna Alrabadi', 'Project Engineer', NULL, '', 2, '0000-00-00', 'Left -No more with LGC'),
(177, 'L0103', '', 'Rashpal Singh Satinder Singh', 'Pipe Fitter- WD', NULL, '', 2, '0000-00-00', 'Left -No more with LGC'),
(178, 'L0109', '', 'Saji Pulimoottil Sukumaran Putimoottil Padmanabhan', 'Draftsman ', NULL, '', 2, '2025-02-28', 'Termination'),
(179, 'L0112', '', 'Muhammad Ashbar Ali ', 'Assistant Logistic Officer', NULL, '', 2, '2024-10-03', 'Left -No more with LGC'),
(180, 'L0116', '', 'Shah Hassan Naik', 'Assistant QA/QC ', NULL, '', 2, '0000-00-00', 'Left -No more with LGC'),
(181, 'L0119', '', 'Zahid Ullah ', 'Driver Light Vehicle', NULL, '', 2, '0000-00-00', 'Left -No more with LGC'),
(182, 'L0121', '', 'Akshara Asari Parambil Anoop Cheriya Manthattil', 'Jr. QS', NULL, '', 2, '2025-03-15', 'Resigned '),
(183, 'L0139', '', 'Ahimed Hossein Gelelo', 'Helper ', NULL, '', 2, '0000-00-00', 'Left -No more with LGC'),
(184, 'L0140', '', 'Kamran Abbas Abdul Hameed Qureshi', 'Asst. Foreman', NULL, '', 2, '2025-01-27', 'Left -No more with LGC'),
(185, 'L0145', '', 'Sharief Rasheed  Mahmoud Badawy', 'Project Manager', NULL, '', 2, '2025-04-16', 'Resigned '),
(186, 'L0147', '', 'Marwan Adel Ahmed Ramzy Saad', 'Asst. Office Engineer', NULL, '', 2, '2025-02-26', 'Termination'),
(187, 'L0148', '', 'Sarath Anchalasery Mani Anchalassery Gopaln', 'Chief Land Surveyor', NULL, '', 2, '2025-02-27', 'Resigned '),
(188, 'L0149', '', 'Mohammed Emad Mahmoud Ababneh', 'Asst. Site Engineer', NULL, '', 2, '2025-02-26', 'Termination'),
(189, 'L0157', '', 'Davidson Edjor', 'Heavy Mechinery', NULL, '', 2, '0000-00-00', 'Left -No more with LGC'),
(190, 'L0160', '', 'Raed M Helmi Ajam Oghli', 'Electrical Engineer', NULL, '', 2, '2025-03-20', 'Resigned '),
(191, 'L0162', '', 'Buta Singh Dalbir Singh', 'Mechanic', NULL, '', 2, '2025-02-28', 'Termination'),
(192, 'L0163', '', 'Niju Neelakantan', 'Senior Procurment Officer ', NULL, '', 2, '2025-01-27', 'Left -No more with LGC'),
(193, 'L0171', '', 'Ziad Mohammed Al Nazer', 'Mechanic', NULL, '', 2, '2025-03-12', 'Resigned '),
(194, 'L0172', '', 'Mohammed Hashim Ahmed Jumaily', 'Projects Manager', NULL, '', 2, '2025-03-25', 'Resigned '),
(195, 'L0117', '', 'Valentina', 'IT Engineer', NULL, '', 2, '2025-05-30', 'Resigned');

-- --------------------------------------------------------

--
-- Table structure for table `items`
--

DROP TABLE IF EXISTS `items`;
CREATE TABLE IF NOT EXISTS `items` (
  `item_id` int(11) NOT NULL,
  `asset_id` varchar(20) NOT NULL DEFAULT '',
  `name` varchar(200) NOT NULL DEFAULT '',
  `serial_number` varchar(100) DEFAULT NULL,
  `model` varchar(100) DEFAULT NULL,
  `category_id` int(11) NOT NULL,
  `sub_category_id` int(11) DEFAULT NULL,
  `supplier_id` int(11) NOT NULL,
  `location_id` int(10) UNSIGNED NOT NULL DEFAULT '1',
  `purchase_date` date NOT NULL DEFAULT '0000-00-00',
  `purchase_cost` varchar(50) DEFAULT NULL,
  `warranty_months` int(11) DEFAULT NULL,
  `warranty_end` date DEFAULT NULL,
  `notes` text,
  `created_at` timestamp NOT NULL DEFAULT '0000-00-00 00:00:00',
  `updated_at` timestamp NULL DEFAULT NULL ON UPDATE CURRENT_TIMESTAMP,
  `status` varchar(50) NOT NULL DEFAULT '',
  `is_assigned` tinyint(2) UNSIGNED NOT NULL DEFAULT '0',
  PRIMARY KEY (`item_id`),
  UNIQUE KEY `asset_id` (`asset_id`),
  KEY `category_id` (`category_id`),
  KEY `sub_category_id` (`sub_category_id`),
  KEY `supplier_id` (`supplier_id`),
  KEY `location_id` (`location_id`)
) ENGINE=InnoDB DEFAULT CHARSET=utf8mb4;

--
-- Dumping data for table `items`
--

INSERT INTO `items` (`item_id`, `asset_id`, `name`, `serial_number`, `model`, `category_id`, `sub_category_id`, `supplier_id`, `location_id`, `purchase_date`, `purchase_cost`, `warranty_months`, `warranty_end`, `notes`, `created_at`, `updated_at`, `status`, `is_assigned`) VALUES
(1, 'L.LAP-0001', 'LAPTOP LENOVA  (with charger + Mouse + Bag)', 'R9071D72', '', 1, 2, 0, 1, '0000-00-00', '', 0, '0000-00-00', 'Initial_import', '2025-06-25 08:18:07', '0000-00-00 00:00:00', '1', 0),
(2, 'L.LAP-0002', 'LAPTOP LENOVA(THINKPAD)(with charger + Mouse + Bag)', 'R910FDME', '', 1, 2, 0, 1, '0000-00-00', '', 0, '0000-00-00', 'Initial_import', '2025-06-25 08:18:07', '0000-00-00 00:00:00', '1', 0),
(3, 'L.LAP-0003', 'LAPTOP DELL(with charger + Mouse + Bag)', 'CMS5273', '', 1, 2, 0, 1, '0000-00-00', '', 0, '0000-00-00', 'Initial_import', '2025-06-25 08:18:07', '0000-00-00 00:00:00', '1', 0),
(4, 'L.LAP-0004', 'LAPTOP DELL(with charger + Mouse + Bag)', '88PM2T3', '', 1, 2, 0, 1, '0000-00-00', '', 0, '0000-00-00', 'Initial_import', '2025-06-25 08:18:07', '0000-00-00 00:00:00', '1', 0),
(5, 'L.LAP-0005', 'LAPTOP LENOVA(THINKPAD)(with charger + Mouse + Bag)', 'PF2YAPDF', '', 1, 2, 0, 1, '0000-00-00', '', 0, '0000-00-00', 'Initial_import', '2025-06-25 08:18:07', '0000-00-00 00:00:00', '1', 0),
(6, 'L.LAP-0006', 'LAPTOP DELL(with charger + Mouse + Bag)', '3MPBKY3', '', 1, 2, 0, 1, '0000-00-00', '', 0, '0000-00-00', 'Initial_import', '2025-06-25 08:18:07', '0000-00-00 00:00:00', '1', 0),
(7, 'L.LAP-0007', 'LAPTOP DELL(with charger + Mouse + Bag)', '6PH7KY3', '', 1, 2, 0, 1, '0000-00-00', '', 0, '0000-00-00', 'Initial_import', '2025-06-25 08:18:07', '0000-00-00 00:00:00', '1', 0),
(8, 'L.LAP-0008', 'LAPTOP LENOVA(THINKPAD)(with charger + Mouse + Bag)', 'R9-13J468', '', 1, 2, 0, 1, '0000-00-00', '', 0, '0000-00-00', 'Initial_import', '2025-06-25 08:18:07', '0000-00-00 00:00:00', '1', 0),
(9, 'L.LAP-0009', 'LAPTOP DELL (with charger + Mouse + Bag)', '6V19NS3', '', 1, 2, 0, 1, '0000-00-00', '', 0, '0000-00-00', 'Initial_import', '2025-06-25 08:18:07', '0000-00-00 00:00:00', 'BD', 0),
(10, 'L.LAP-0010', 'LAPTOP DELL (with charger + Mouse + Bag)', '4FF7KY3', '', 1, 2, 0, 1, '0000-00-00', '', 0, '0000-00-00', 'Initial_import', '2025-06-25 08:18:07', '0000-00-00 00:00:00', '1', 0),
(11, 'L.LAP-0011', 'LAPTOP DELL (with charger + Mouse + Bag)', 'DC26QZ3', '', 1, 2, 0, 2, '0000-00-00', '', 0, '0000-00-00', 'Initial_import', '2025-06-25 08:18:07', '0000-00-00 00:00:00', '1', 0),
(12, 'L.LAP-0012', 'LAPTOP DELL (with charger + Mouse + Bag)', 'GV1Y5R3', '', 1, 2, 0, 1, '0000-00-00', '', 0, '0000-00-00', 'Initial_import', '2025-06-25 08:18:07', '0000-00-00 00:00:00', '1', 0),
(13, 'L.LAP-0013', 'LAPTOP THINKPAD (with charger + Mouse + Bag)', 'PF-3M2GFJ', '', 1, 2, 0, 1, '0000-00-00', '', 0, '0000-00-00', 'Initial_import', '2025-06-25 08:18:07', '0000-00-00 00:00:00', '1', 0),
(14, 'L.LAP-0014', 'LAPTOP DELL (with charger + Mouse + Bag)', '34646026251', '', 1, 2, 0, 1, '0000-00-00', '', 0, '0000-00-00', 'Initial_import', '2025-06-25 08:18:07', '0000-00-00 00:00:00', '1', 0),
(15, 'L.LAP-0015', 'LAPTOP DELL (with charger + Mouse + Bag)', '43501671722', '', 1, 2, 0, 2, '0000-00-00', '', 0, '0000-00-00', 'Initial_import', '2025-06-25 08:18:07', '0000-00-00 00:00:00', '1', 0),
(16, 'L.LAP-0016', 'LAPTOP THINKPAD (with charger + Mouse + Bag)', '714NCZ3', '', 1, 2, 0, 2, '0000-00-00', '', 0, '0000-00-00', 'Initial_import', '2025-06-25 08:18:07', '0000-00-00 00:00:00', '1', 0),
(17, 'L.LAP-0017', 'LAPTOP THINKPAD (with charger + Mouse + Bag)', 'PF-3J33QV', '', 1, 2, 0, 2, '0000-00-00', '', 0, '0000-00-00', 'Initial_import', '2025-06-25 08:18:07', '0000-00-00 00:00:00', '1', 0),
(18, 'L.LAP-0018', 'LAPTOP DELL (with charger + Mouse + Bag)', '9YLKN04', '', 1, 2, 0, 1, '0000-00-00', '', 0, '0000-00-00', 'Initial_import', '2025-06-25 08:18:07', '0000-00-00 00:00:00', '1', 0),
(19, 'L.LAP-0019', 'LAPTOP DELL (with charger + Mouse + Bag)', 'FY7TCZ3', '', 1, 2, 0, 1, '0000-00-00', '', 0, '0000-00-00', 'Initial_import', '2025-06-25 08:18:07', '0000-00-00 00:00:00', '1', 0),
(20, 'L.LAP-0020', 'LAPTOP DELL (with charger + Mouse + Bag)', 'CWZKFL3', '', 1, 2, 0, 0, '0000-00-00', '', 0, '0000-00-00', 'Initial_import', '2025-06-25 08:18:07', '0000-00-00 00:00:00', 'SB', 0),
(21, 'L.LAP-0021', 'LAPTOP DELL (with charger + Mouse + Bag)', '3D5F433', '', 1, 2, 0, 1, '0000-00-00', '', 0, '0000-00-00', 'Initial_import', '2025-06-25 08:18:07', '0000-00-00 00:00:00', '1', 0),
(22, 'L.LAP-0022', 'LAPTOP DELL (with charger + Mouse + Bag)', '3V80DZ3', '', 1, 2, 0, 1, '0000-00-00', '', 0, '0000-00-00', 'Initial_import', '2025-06-25 08:18:07', '0000-00-00 00:00:00', '1', 0),
(23, 'L.LAP-0023', 'LAPTOP DELL (with charger + Mouse + Bag)', 'CFN8YR3', '', 1, 2, 0, 1, '0000-00-00', '', 0, '0000-00-00', 'Initial_import', '2025-06-25 08:18:07', '0000-00-00 00:00:00', '1', 0),
(24, 'L.LAP-0024', 'LAPTOP DELL (with charger + Mouse + Bag)', NULL, '', 1, 2, 0, 1, '0000-00-00', '', 0, '0000-00-00', 'Initial_import', '2025-06-25 08:18:07', '0000-00-00 00:00:00', '1', 0),
(25, 'L.LAP-0025', 'LAPTOP DELL (with charger + Mouse + Bag)', '1LY61Z3', '', 1, 2, 0, 1, '0000-00-00', '', 0, '0000-00-00', 'Initial_import', '2025-06-25 08:18:07', '0000-00-00 00:00:00', '1', 0),
(26, 'L.LAP-0026', 'LAPTOP DELL (with charger + Mouse + Bag)', 'JHD5QZ3', '', 1, 2, 0, 0, '0000-00-00', '', 0, '0000-00-00', 'Initial_import', '2025-06-25 08:18:07', '0000-00-00 00:00:00', 'SB', 0),
(27, 'L.LAP-0027', 'LAPTOP DELL (with charger + Mouse + Bag)', '6XHYWL3', '', 1, 2, 0, 1, '0000-00-00', '', 0, '0000-00-00', 'Initial_import', '2025-06-25 08:18:07', '0000-00-00 00:00:00', '1', 0),
(28, 'L.LAP-0028', 'LAPTOP DELL (with charger + Mouse + Bag)', 'GHKJ2B3', '', 1, 2, 0, 1, '0000-00-00', '', 0, '0000-00-00', 'Initial_import', '2025-06-25 08:18:07', '0000-00-00 00:00:00', '1', 0),
(29, 'L.LAP-0029', 'LAPTOP DELL (with charger + Mouse + Bag)', 'DHXPHG3', '', 1, 2, 0, 1, '0000-00-00', '', 0, '0000-00-00', 'Initial_import', '2025-06-25 08:18:07', '0000-00-00 00:00:00', '1', 0),
(30, 'L.LAP-0030', 'LAPTOP DELL (with charger + Mouse + Bag)', '3L3TFG3', '', 1, 2, 0, 2, '0000-00-00', '', 0, '0000-00-00', 'Initial_import', '2025-06-25 08:18:07', '0000-00-00 00:00:00', '1', 0),
(31, 'L.LAP-0031', 'LAPTOP DELL (with charger + Mouse + Bag)', '5F6TFG3', '', 1, 2, 0, 1, '0000-00-00', '', 0, '0000-00-00', 'Initial_import', '2025-06-25 08:18:07', '0000-00-00 00:00:00', '1', 0),
(32, 'L.LAP-0032', 'LAPTOP DELL (with charger + Mouse + Bag)', 'D2NB9G3', '', 1, 2, 0, 2, '0000-00-00', '', 0, '0000-00-00', 'Initial_import', '2025-06-25 08:18:07', '0000-00-00 00:00:00', '1', 0),
(33, 'L.LAP-0033', 'LAPTOP DELL (with charger + Mouse + Bag)', '437BY93', '', 1, 2, 0, 1, '0000-00-00', '', 0, '0000-00-00', 'Initial_import', '2025-06-25 08:18:07', '0000-00-00 00:00:00', '1', 0),
(34, 'L.LAP-0034', 'LAPTOP Lenovo  (with charger + Mouse + Bag)', NULL, '', 1, 2, 0, 1, '0000-00-00', '', 0, '0000-00-00', 'Initial_import', '2025-06-25 08:18:07', '0000-00-00 00:00:00', '1', 0),
(35, 'L.LAP-0035', 'LAPTOP Lenovo  (with charger + Mouse + Bag)', 'R9-0Z90EQ', '', 1, 2, 0, 1, '0000-00-00', '', 0, '0000-00-00', 'Initial_import', '2025-06-25 08:18:07', '0000-00-00 00:00:00', '1', 0),
(36, 'L.LAP-0036', 'Laptop HP (Charger + Mouse + Bag) Elite Book', '5CG12455XS', '', 1, 2, 0, 1, '0000-00-00', '', 0, '0000-00-00', 'Initial_import', '2025-06-25 08:18:07', '0000-00-00 00:00:00', '1', 0),
(37, 'L.LAP-0037', 'Laptop HP (Charger + Mouse + Bag) Elite Book', '5CG13701GT', '', 1, 2, 0, 1, '0000-00-00', '', 0, '0000-00-00', 'Initial_import', '2025-06-25 08:18:07', '0000-00-00 00:00:00', '1', 0),
(38, 'L.LAP-0038', 'LAPTOP DELL (with charger + Mouse + Bag)', '5CYNHSZ', '', 1, 2, 0, 1, '0000-00-00', '', 0, '0000-00-00', 'Initial_import', '2025-06-25 08:18:07', '0000-00-00 00:00:00', '1', 0),
(39, 'L.LAP-0039', 'Laptop HP (Charger + Mouse + Bag) Elite Book', '5CG1368N68', '', 1, 2, 0, 1, '0000-00-00', '', 0, '0000-00-00', 'Initial_import', '2025-06-25 08:18:07', '0000-00-00 00:00:00', '1', 0),
(40, 'L.LAP-0040', 'Laptop HP (Charger + Mouse + Bag) Elite Book', '5CG1037MMC', '', 1, 2, 0, 2, '0000-00-00', '', 0, '0000-00-00', 'Initial_import', '2025-06-25 08:18:07', '0000-00-00 00:00:00', '1', 0),
(41, 'L.LAP-0041', 'Laptop HP (Charger + Mouse+Bag + Keyboard)', '5CD4198KZP', '', 1, 2, 0, 2, '0000-00-00', '', 0, '0000-00-00', 'Initial_import', '2025-06-25 08:18:07', '0000-00-00 00:00:00', '1', 0),
(42, 'L.LAP-0042', 'Laptop HP (Charger + Mouse + Bag) Elite Book', '5CG136DAJJ', '', 1, 2, 0, 1, '0000-00-00', '', 0, '0000-00-00', 'Initial_import', '2025-06-25 08:18:07', '0000-00-00 00:00:00', '1', 0),
(43, 'L.LAP-0043', 'Laptop HP (Charger + Mouse + Bag) Elite Book', NULL, '', 1, 2, 0, 1, '0000-00-00', '', 0, '0000-00-00', 'Initial_import', '2025-06-25 08:18:07', '0000-00-00 00:00:00', 'SB', 0),
(44, 'L.LAP-0044', 'Laptop HP (Charger + Mouse + Bag) Elite Book', '5CG136D48L', '', 1, 2, 0, 1, '0000-00-00', '', 0, '0000-00-00', 'Initial_import', '2025-06-25 08:18:07', '0000-00-00 00:00:00', 'SB', 0),
(45, 'L.LAP-0045', 'Laptop HP (Charger + Mouse + Bag) Elite Book', '5CG1039J58', '', 1, 2, 0, 1, '0000-00-00', '', 0, '0000-00-00', 'Initial_import', '2025-06-25 08:18:07', '0000-00-00 00:00:00', '1', 0),
(46, 'L.LAP-0046', 'Lap HP ', '5CDG10383MX', '', 1, 2, 0, 1, '0000-00-00', '', 0, '0000-00-00', 'Initial_import', '2025-06-25 08:18:07', '0000-00-00 00:00:00', '1', 0),
(47, 'L.LAP-0047', 'LaP Dell', '33ZXCZ3', '', 1, 2, 0, 1, '0000-00-00', '', 0, '0000-00-00', 'Initial_import', '2025-06-25 08:18:07', '0000-00-00 00:00:00', '1', 0),
(48, 'L.LAP-0048', 'Lap Dell', 'IZFRSQ2', '', 1, 2, 0, 2, '0000-00-00', '', 0, '0000-00-00', 'Initial_import', '2025-06-25 08:18:07', '0000-00-00 00:00:00', '1', 0),
(49, 'L.LCD-0001', 'LCD MONITOR HP', 'CNC1070T62', '', 5, 16, 0, 1, '0000-00-00', '', 0, '0000-00-00', 'Initial_import', '2025-06-25 08:18:07', '0000-00-00 00:00:00', '1', 0),
(50, 'L.LCD-0002', 'Samsing', '5MWZH9DWC04143J', '', 5, 16, 0, 1, '0000-00-00', '', 0, '0000-00-00', 'Initial_import', '2025-06-25 08:18:07', '0000-00-00 00:00:00', '1', 0),
(51, 'L.LCD-0003', 'LCD MONITOR HP', 'CNC1040QRM', '', 5, 16, 0, 1, '0000-00-00', '', 0, '0000-00-00', 'Initial_import', '2025-06-25 08:18:07', '0000-00-00 00:00:00', '1', 0),
(52, 'L.LCD-0004', 'LCD MONITOR HP', 'CNC1070T55', '', 5, 16, 0, 1, '0000-00-00', '', 0, '0000-00-00', 'Initial_import', '2025-06-25 08:18:07', '2025-07-10 18:16:10', 'Under Repair', 0),
(53, 'L.LCD-0005', 'LCD MONITOR HP', 'CNC1040QWG', '', 5, 16, 0, 1, '0000-00-00', '', 0, '0000-00-00', 'Initial_import', '2025-06-25 08:18:07', '0000-00-00 00:00:00', '1', 0),
(54, 'L.LCD-0006', 'LCD MONITOR HP', 'CNC1501QRH', '', 5, 16, 0, 1, '0000-00-00', '', 0, '0000-00-00', 'Initial_import', '2025-06-25 08:18:07', '0000-00-00 00:00:00', '1', 0),
(55, 'L.LCD-0007', 'LCD MONITOR LG', '006NTBKJU309', '', 5, 16, 0, 1, '0000-00-00', '', 0, '0000-00-00', 'Initial_import', '2025-06-25 08:18:07', '0000-00-00 00:00:00', '1', 0),
(56, 'L.LCD-0008', 'LCD MONITOR DELL', 'CN-01NVGX-WS200-752-AYKL', '', 5, 16, 0, 1, '0000-00-00', '', 0, '0000-00-00', 'Initial_import', '2025-06-25 08:18:07', '0000-00-00 00:00:00', '1', 0),
(57, 'L.LCD-0009', 'LCD MONITOR DELL', 'DGTXJT3', '', 5, 16, 0, 2, '0000-00-00', '', 0, '0000-00-00', 'Initial_import', '2025-06-25 08:18:07', '0000-00-00 00:00:00', '1', 0),
(58, 'L.LCD-0010', 'LCD MONITOR DELL', 'CN-0N15DPWSLOO9ALBY8LAO8', '', 5, 16, 0, 1, '0000-00-00', '', 0, '0000-00-00', 'Initial_import', '2025-06-25 08:18:07', '0000-00-00 00:00:00', '1', 0),
(59, 'L.LCD-0011', 'LCD MONITOR LENOVO', 'VTD58862', '', 5, 16, 0, 2, '0000-00-00', '', 0, '0000-00-00', 'Initial_import', '2025-06-25 08:18:07', '0000-00-00 00:00:00', '1', 0),
(60, 'L.LCD-0012', 'LCD MONITOR ', '5MWZH9DWC09143J', '', 5, 16, 0, 2, '0000-00-00', '', 0, '0000-00-00', 'Initial_import', '2025-06-25 08:18:07', '0000-00-00 00:00:00', '1', 0),
(61, 'L.LCD-0013', 'LCD MONITOR DELL', 'CN-0N15DP-WSL00-9AL-BNJL-A08', '', 5, 16, 0, 1, '0000-00-00', '', 0, '0000-00-00', 'Initial_import', '2025-06-25 08:18:07', '0000-00-00 00:00:00', '1', 0),
(62, 'L.LCD-0014', 'LCD MONITOR DELL', 'CN-0N15DP-WSL00-9AL-BJPL-A08', '', 5, 16, 0, 1, '0000-00-00', '', 0, '0000-00-00', 'Initial_import', '2025-06-25 08:18:07', '0000-00-00 00:00:00', '1', 0),
(63, 'L.LCD-0015', 'LCD MONITOR DELL', 'CN-0R88WR-WSL00-04B-BT9B-A10', '', 5, 16, 0, 1, '0000-00-00', '', 0, '0000-00-00', 'Initial_import', '2025-06-25 08:18:07', '0000-00-00 00:00:00', 'SB', 0),
(64, 'L.LCD-0016', 'LCD MONITOR DELL', NULL, '', 5, 16, 0, 1, '0000-00-00', '', 0, '0000-00-00', 'Initial_import', '2025-06-25 08:18:07', '0000-00-00 00:00:00', 'SB', 0),
(65, 'L.LCD-0017', 'LCD MONITOR DELL', 'CN-0N15DP-WSL00-9AL-BZ3L-A08', '', 5, 16, 0, 1, '0000-00-00', '', 0, '0000-00-00', 'Initial_import', '2025-06-25 08:18:07', '0000-00-00 00:00:00', '1', 0),
(66, 'CPU-NL-001', 'CPU COMPUTER', NULL, '', 1, 1, 0, 1, '0000-00-00', '', 0, '0000-00-00', 'Initial_import', '2025-06-25 08:18:07', '0000-00-00 00:00:00', '1', 0),
(67, 'CPU-NL-002', 'HP CPU COMPUTER', 'CZJ3090D6S', '', 1, 1, 0, 1, '0000-00-00', '', 0, '0000-00-00', 'Initial_import', '2025-06-25 08:18:07', '0000-00-00 00:00:00', '1', 0),
(68, 'CPU-NL-003', 'CPU COMPUTER', NULL, '', 1, 1, 0, 1, '0000-00-00', '', 0, '0000-00-00', 'Initial_import', '2025-06-25 08:18:07', '0000-00-00 00:00:00', '1', 0),
(69, 'CPU-NL-004', 'CPU COMPUTER', 'CZC1389PXJ', '', 1, 1, 0, 1, '0000-00-00', '', 0, '0000-00-00', 'Initial_import', '2025-06-25 08:18:07', '0000-00-00 00:00:00', '1', 0),
(70, 'CPU-NL-005', 'CPU COMPUTER', 'F0VWHM3', '', 1, 1, 0, 1, '0000-00-00', '', 0, '0000-00-00', 'Initial_import', '2025-06-25 08:18:07', '0000-00-00 00:00:00', '1', 0),
(71, 'CPU-NL-006', 'CPU COMPUTER', 'CZJ325178B', '', 1, 1, 0, 1, '0000-00-00', '', 0, '0000-00-00', 'Initial_import', '2025-06-25 08:18:07', '0000-00-00 00:00:00', '1', 0),
(72, 'CPU-NL-007', 'CPU COMPUTER', '_______________', '', 1, 1, 0, 1, '0000-00-00', '', 0, '0000-00-00', 'Initial_import', '2025-06-25 08:18:07', '0000-00-00 00:00:00', '1', 0),
(73, 'CPU-NL-008', 'CPU COMPUTER HP', '100001260AK225102051', '', 1, 1, 0, 1, '0000-00-00', '', 0, '0000-00-00', 'Initial_import', '2025-06-25 08:18:07', '0000-00-00 00:00:00', '1', 0),
(74, 'CPU-NL-009', 'CPU COMPUTER HP', '4CE0141TOK', '', 1, 1, 0, 1, '0000-00-00', '', 0, '0000-00-00', 'Initial_import', '2025-06-25 08:18:07', '0000-00-00 00:00:00', '1', 0),
(75, 'CPU-NL-010', 'CPU COMPUTER DELL', '28QGV04', '', 1, 1, 0, 2, '0000-00-00', '', 0, '0000-00-00', 'Initial_import', '2025-06-25 08:18:07', '0000-00-00 00:00:00', '1', 0),
(76, 'CPU-NL-011', 'HP CPU COMPUTER', '4CE0141T0G', '', 1, 1, 0, 1, '0000-00-00', '', 0, '0000-00-00', 'Initial_import', '2025-06-25 08:18:07', '0000-00-00 00:00:00', '1', 0),
(77, 'CPU-NL-012', 'HP CPU COMPUTER', '4CE0141T0L', '', 1, 1, 0, 1, '0000-00-00', '', 0, '0000-00-00', 'Initial_import', '2025-06-25 08:18:07', '0000-00-00 00:00:00', 'SB', 0),
(78, 'L.LCD-0018', 'Monitor Samsung', 'BN86_01233A', '', 5, 16, 0, 1, '0000-00-00', '', 0, '0000-00-00', 'Initial_import', '2025-06-25 08:18:07', '0000-00-00 00:00:00', '1', 0),
(79, 'L.LCD-0019', 'Monitor Samsung', 'S34C650UAM', '', 5, 16, 0, 1, '0000-00-00', '', 0, '0000-00-00', 'Initial_import', '2025-06-25 08:18:07', '0000-00-00 00:00:00', '1', 0),
(80, 'TV', 'Smart TV NIKAI', 'NTV3200S1GD-FL', '', 12, 64, 0, 1, '0000-00-00', '', 0, '0000-00-00', 'Initial_import', '2025-06-25 08:18:07', '0000-00-00 00:00:00', '1', 0),
(81, 'L.LCD-0020', 'Monitor HP V273A', '3CQ8160KQW', '', 5, 16, 0, 1, '0000-00-00', '', 0, '0000-00-00', 'Initial_import', '2025-06-25 08:18:07', '0000-00-00 00:00:00', '1', 0),
(82, 'L.LCD-0021', '', '3cq8160kqt', '', 5, 16, 0, 1, '0000-00-00', '', 0, '0000-00-00', 'Initial_import', '2025-06-25 08:18:07', '2025-07-12 12:28:43', '1', 1),
(83, 'L.LCD-0022', 'HP Z2ZN', 'CNK640H24', '', 5, 16, 0, 1, '0000-00-00', '', 0, '0000-00-00', 'Initial_import', '2025-06-25 08:18:07', '0000-00-00 00:00:00', '1', 0),
(84, 'L.LCD-0023', 'HP Z2ZN', 'CNK6470H19', '', 5, 16, 0, 1, '0000-00-00', '', 0, '0000-00-00', 'Initial_import', '2025-06-25 08:18:07', '0000-00-00 00:00:00', '1', 0),
(85, 'L.LCD-0024', 'HP Z2ZN', 'CNL600LX9', '', 5, 16, 0, 1, '0000-00-00', '', 0, '0000-00-00', 'Initial_import', '2025-06-25 08:18:07', '0000-00-00 00:00:00', '1', 0),
(86, 'L.LCD-0025', 'HP Z2ZN', NULL, '', 5, 16, 0, 0, '0000-00-00', '', 0, '0000-00-00', 'Initial_import', '2025-06-25 08:18:07', '0000-00-00 00:00:00', 'SB', 0),
(87, 'CPU-NL-013', 'OMEN', '______________', '', 1, 1, 0, 1, '0000-00-00', '', 0, '0000-00-00', 'Initial_import', '2025-06-25 08:18:07', '0000-00-00 00:00:00', '', 0),
(88, 'L.LCD-0026', 'Dell', 'CNC1070RKG', '', 5, 16, 0, 1, '0000-00-00', '', 0, '0000-00-00', 'Initial_import', '2025-06-25 08:18:07', '0000-00-00 00:00:00', '1', 0),
(89, 'L.LCD-0027', 'Dell', '5MWZH9DWC04178M', '', 5, 16, 0, 1, '0000-00-00', '', 0, '0000-00-00', 'Initial_import', '2025-06-25 08:18:07', '0000-00-00 00:00:00', '1', 0),
(90, 'L.LCD-0028', 'Dell', 'CN0JP050WSL009AABLFWA07', '', 5, 16, 0, 1, '0000-00-00', '', 0, '0000-00-00', 'Initial_import', '2025-06-25 08:18:07', '0000-00-00 00:00:00', '1', 0),
(91, 'L.LCD-0029', '', 'CN0N15DPWSL009ALC0CLA08', '', 5, 16, 0, 1, '0000-00-00', '', 0, '0000-00-00', 'Initial_import', '2025-06-25 08:18:07', '0000-00-00 00:00:00', '1', 0),
(92, 'CPU-NL-013-S', '', 'FQC08929', '', 1, 1, 0, 1, '0000-00-00', '', 0, '0000-00-00', 'Initial_import', '2025-06-25 08:18:07', '0000-00-00 00:00:00', '1', 0),
(93, 'L.LCD-0030', 'HP', 'CNK6470H22', '', 5, 16, 0, 0, '0000-00-00', '', 0, '0000-00-00', 'Initial_import', '2025-06-25 08:18:07', '0000-00-00 00:00:00', 'SB', 0),
(94, 'KB-NL-001', 'KEYBOARD DELL', '063Y55', '', 5, 17, 0, 2, '0000-00-00', '', 0, '0000-00-00', 'Initial_import', '2025-06-25 08:18:07', '0000-00-00 00:00:00', '1', 0),
(95, 'KB-NL-002', 'KEYBOARD LOGITECH', 'K220', '', 5, 17, 0, 2, '0000-00-00', '', 0, '0000-00-00', 'Initial_import', '2025-06-25 08:18:07', '0000-00-00 00:00:00', '1', 0),
(96, 'KB-NL-003', 'KEYBOARD LOGI', 'K270', '', 5, 17, 0, 2, '0000-00-00', '', 0, '0000-00-00', 'Initial_import', '2025-06-25 08:18:07', '0000-00-00 00:00:00', '1', 0),
(97, 'KB-NL-004', 'KEYBOARD LOGI', 'K270', '', 5, 17, 0, 1, '0000-00-00', '', 0, '0000-00-00', 'Initial_import', '2025-06-25 08:18:07', '0000-00-00 00:00:00', '1', 0),
(98, 'KB-NL-005', 'KEYBOARD GENIUS', 'KB110', '', 5, 17, 0, 1, '0000-00-00', '', 0, '0000-00-00', 'Initial_import', '2025-06-25 08:18:07', '0000-00-00 00:00:00', '1', 0),
(99, 'KB-NL-006', 'KEYBOARD LOGI', 'K220', '', 5, 17, 0, 2, '0000-00-00', '', 0, '0000-00-00', 'Initial_import', '2025-06-25 08:18:07', '0000-00-00 00:00:00', '1', 0),
(100, 'KB-NL-007', 'KEYBOARD LOGI', 'k220', '', 5, 17, 0, 1, '0000-00-00', '', 0, '0000-00-00', 'Initial_import', '2025-06-25 08:18:07', '0000-00-00 00:00:00', '1', 0),
(101, 'KB-NL-008', 'KEYBOARD LOGI', 'k220', '', 5, 17, 0, 1, '0000-00-00', '', 0, '0000-00-00', 'Initial_import', '2025-06-25 08:18:07', '0000-00-00 00:00:00', '1', 0),
(102, 'KB-NL-009', 'KEYBOARD LOGI', 'K270', '', 5, 17, 0, 2, '0000-00-00', '', 0, '0000-00-00', 'Initial_import', '2025-06-25 08:18:07', '0000-00-00 00:00:00', '1', 0),
(103, 'KB-NL-0010', 'KEYBOARD LOGI', '2319SY01X649', '', 5, 17, 0, 1, '0000-00-00', '', 0, '0000-00-00', 'Initial_import', '2025-06-25 08:18:07', '0000-00-00 00:00:00', '1', 0),
(104, 'KB-NL-0011', 'KEYBOARD LOGI', '2423SY048HH9', '', 5, 17, 0, 1, '0000-00-00', '', 0, '0000-00-00', 'Initial_import', '2025-06-25 08:18:07', '0000-00-00 00:00:00', 'S B', 0),
(105, 'KB-NL-0012', 'KEYBOARD LOGI', '2423SY048HK9', '', 5, 17, 0, 1, '0000-00-00', '', 0, '0000-00-00', 'Initial_import', '2025-06-25 08:18:07', '0000-00-00 00:00:00', 'S B', 0),
(106, 'M-NL-001', 'MOUSE DELL', '0C4JKP', '', 5, 18, 0, 1, '0000-00-00', '', 0, '0000-00-00', 'Initial_import', '2025-06-25 08:18:07', '0000-00-00 00:00:00', '1', 0),
(107, 'M-NL-002', 'MOUSE LOGITECH', 'M150', '', 5, 18, 0, 0, '0000-00-00', '', 0, '0000-00-00', 'Initial_import', '2025-06-25 08:18:07', '0000-00-00 00:00:00', '1', 0),
(108, 'M-NL-003', 'MOUSE LOGI', 'M190', '', 5, 18, 0, 1, '0000-00-00', '', 0, '0000-00-00', 'Initial_import', '2025-06-25 08:18:07', '0000-00-00 00:00:00', '1', 0),
(109, 'M-NL-004', 'MOUSE LOGI', 'M185', '', 5, 18, 0, 1, '0000-00-00', '', 0, '0000-00-00', 'Initial_import', '2025-06-25 08:18:07', '0000-00-00 00:00:00', '1', 0),
(110, 'M-NL-005', 'MOUSE LOGI', 'M171', '', 5, 18, 0, 1, '0000-00-00', '', 0, '0000-00-00', 'Initial_import', '2025-06-25 08:18:07', '0000-00-00 00:00:00', '1', 0),
(111, 'M-NL-006', 'MOUSE LOGITECH', 'M165', '', 5, 18, 0, 1, '0000-00-00', '', 0, '0000-00-00', 'Initial_import', '2025-06-25 08:18:07', '0000-00-00 00:00:00', '1', 0),
(112, 'M-NL-007', 'MOUSE LOGI', 'M190', '', 5, 18, 0, 1, '0000-00-00', '', 0, '0000-00-00', 'Initial_import', '2025-06-25 08:18:07', '0000-00-00 00:00:00', '1', 0),
(113, 'M-NL-008', 'MOUSE LOGITECH', 'M1509', '', 5, 18, 0, 1, '0000-00-00', '', 0, '0000-00-00', 'Initial_import', '2025-06-25 08:18:07', '0000-00-00 00:00:00', '1', 0),
(114, 'M-NL-009', 'MOUSE LOGITECH', 'M170', '', 5, 18, 0, 1, '0000-00-00', '', 0, '0000-00-00', 'Initial_import', '2025-06-25 08:18:07', '0000-00-00 00:00:00', '1', 0),
(115, 'M-NL-010', 'MOUSE LOGITECH', 'M150', '', 5, 18, 0, 1, '0000-00-00', '', 0, '0000-00-00', 'Initial_import', '2025-06-25 08:18:07', '0000-00-00 00:00:00', '1', 0),
(116, 'M-NL-011', 'MOUSE LOGITECH', 'M170', '', 5, 18, 0, 2, '0000-00-00', '', 0, '0000-00-00', 'Initial_import', '2025-06-25 08:18:07', '0000-00-00 00:00:00', '1', 0),
(117, 'M-NL-012', 'MOUSE LOGITECH', 'M170', '', 5, 18, 0, 2, '0000-00-00', '', 0, '0000-00-00', 'Initial_import', '2025-06-25 08:18:07', '0000-00-00 00:00:00', '1', 0),
(118, 'M-NL-013', 'MOUSE LOGITECH', 'M150', '', 5, 18, 0, 1, '0000-00-00', '', 0, '0000-00-00', 'Initial_import', '2025-06-25 08:18:07', '0000-00-00 00:00:00', '1', 0),
(119, 'M-NL-014', 'MOUSE LOGI', 'M190', '', 5, 18, 0, 1, '0000-00-00', '', 0, '0000-00-00', 'Initial_import', '2025-06-25 08:18:07', '0000-00-00 00:00:00', '1', 0),
(120, 'M-NL-015', 'MOUSE LOGI', 'M185', '', 5, 18, 0, 1, '0000-00-00', '', 0, '0000-00-00', 'Initial_import', '2025-06-25 08:18:07', '0000-00-00 00:00:00', '1', 0),
(121, 'M-NL-016', 'MOUSE LOGITECH', 'M170', '', 5, 18, 0, 1, '0000-00-00', '', 0, '0000-00-00', 'Initial_import', '2025-06-25 08:18:07', '0000-00-00 00:00:00', '1', 0),
(122, 'M-NL-017', 'MOUSE LOGITECH', '2324LZXFHGP9', '', 5, 18, 0, 1, '0000-00-00', '', 0, '0000-00-00', 'Initial_import', '2025-06-25 08:18:07', '0000-00-00 00:00:00', '1', 0),
(123, 'M-NL-018', 'MOUSE MEETION', 'MS1806MT052300809', '', 5, 18, 0, 1, '0000-00-00', '', 0, '0000-00-00', 'Initial_import', '2025-06-25 08:18:07', '0000-00-00 00:00:00', '1', 0),
(124, 'M-NL-019', 'MOUSE MEETION', 'MS1806MT052300808', '', 5, 18, 0, 1, '0000-00-00', '', 0, '0000-00-00', 'Initial_import', '2025-06-25 08:18:07', '0000-00-00 00:00:00', '1', 0),
(125, 'M-NL-020', 'MOUSE LOGITECH', '2342LZX32SS9', '', 5, 18, 0, 1, '0000-00-00', '', 0, '0000-00-00', 'Initial_import', '2025-06-25 08:18:07', '0000-00-00 00:00:00', '1', 0),
(126, 'M-NL-021', 'MOUSE LOGITECH', '2352LZX7MRN9', '', 5, 18, 0, 1, '0000-00-00', '', 0, '0000-00-00', 'Initial_import', '2025-06-25 08:18:07', '0000-00-00 00:00:00', '1', 0),
(127, 'M-NL-022', 'MOUSE LOGITECH', '2423LZ01BR89', '', 5, 18, 0, 1, '0000-00-00', '', 0, '0000-00-00', 'Initial_import', '2025-06-25 08:18:07', '0000-00-00 00:00:00', '1', 0),
(128, 'M-NL-023', 'MOUSE LOGITECH', '2423LZ01BRA9', '', 5, 18, 0, 1, '0000-00-00', '', 0, '0000-00-00', 'Initial_import', '2025-06-25 08:18:07', '0000-00-00 00:00:00', '1', 0),
(129, 'L.SCH-001', 'PUR-SWITCH', 'C1W4031GYP', '', 4, 12, 0, 1, '0000-00-00', '', 0, '0000-00-00', 'Initial_import', '2025-06-25 08:18:07', '0000-00-00 00:00:00', '1', 0),
(130, 'L.TVLB-001', 'TV LIGHT BARS', 'NL', '', 12, 65, 0, 1, '0000-00-00', '', 0, '0000-00-00', 'Initial_import', '2025-06-25 08:18:07', '0000-00-00 00:00:00', '1', 0),
(131, 'L.LC-001', 'LIGHTING CABLE ', 'A8012H12', '', 15, 66, 0, 1, '0000-00-00', '', 0, '0000-00-00', 'Initial_import', '2025-06-25 08:18:07', '0000-00-00 00:00:00', 'S B', 0),
(132, 'L.GH-001', 'GAMING HEADSET', '2427AY0W2NC9', '', 5, 67, 0, 1, '0000-00-00', '', 0, '0000-00-00', 'Initial_import', '2025-06-25 08:18:07', '0000-00-00 00:00:00', '1', 0),
(133, 'L.MIC-001', 'MICROPHONE ', 'NL', '', 5, 23, 0, 1, '0000-00-00', '', 0, '0000-00-00', 'Initial_import', '2025-06-25 08:18:07', '0000-00-00 00:00:00', '1', 0),
(134, 'HD-1', 'SAMSUNG 990 PRO 2TB', 'S7DNNU0X751010', '', 6, 24, 0, 1, '0000-00-00', '', 0, '0000-00-00', 'Initial_import', '2025-06-25 08:18:07', '0000-00-00 00:00:00', '1', 0),
(135, 'USB-NL001', 'SANDISK ULTRA - 64GB', 'NL', '', 6, 27, 0, 1, '0000-00-00', '', 0, '0000-00-00', 'Initial_import', '2025-06-25 08:18:07', '0000-00-00 00:00:00', '1', 0),
(136, 'USB-NL002', 'SANDISK ULTRA - 64GB', 'NL', '', 6, 27, 0, 1, '0000-00-00', '', 0, '0000-00-00', 'Initial_import', '2025-06-25 08:18:07', '0000-00-00 00:00:00', '1', 0),
(137, 'FD-1', 'SANDISK ULTRA', '241412400500', '', 6, 27, 0, 1, '0000-00-00', '', 0, '0000-00-00', 'Initial_import', '2025-06-25 08:18:07', '0000-00-00 00:00:00', 'S B', 0),
(138, 'ET-1', 'ETHERNET ADAPTER', '000129018596', '', 4, 66, 0, 1, '0000-00-00', '', 0, '0000-00-00', 'Initial_import', '2025-06-25 08:18:07', '0000-00-00 00:00:00', '1', 0),
(139, 'ET-2', 'MULTI PORT ', '001165001386', '', 4, 66, 0, 1, '0000-00-00', '', 0, '0000-00-00', 'Initial_import', '2025-06-25 08:18:07', '0000-00-00 00:00:00', 'S B', 0),
(140, 'HD-NL001', 'HARD DRIVE', 'WX72A442R4E7', '', 6, 24, 0, 1, '0000-00-00', '', 0, '0000-00-00', 'Initial_import', '2025-06-25 08:18:07', '0000-00-00 00:00:00', '1', 0),
(141, 'HD-NL002', 'HARD DRIVE', 'WX72A44811RP', '', 6, 24, 0, 1, '0000-00-00', '', 0, '0000-00-00', 'Initial_import', '2025-06-25 08:18:07', '0000-00-00 00:00:00', '1', 0),
(142, 'USB-NL003', 'SanDisk Ultra - 64GB', 'Null', '', 6, 27, 0, 1, '0000-00-00', '', 0, '0000-00-00', 'Initial_import', '2025-06-25 08:18:07', '0000-00-00 00:00:00', '1', 0),
(143, 'USB-NL004', 'SanDisk Ultra - 64GB', 'Null', '', 6, 27, 0, 1, '0000-00-00', '', 0, '0000-00-00', 'Initial_import', '2025-06-25 08:18:07', '0000-00-00 00:00:00', '1', 0),
(144, 'USB-NL005', 'SanDisk Ultra - 64GB', 'Null', '', 6, 27, 0, 1, '0000-00-00', '', 0, '0000-00-00', 'Initial_import', '2025-06-25 08:18:07', '0000-00-00 00:00:00', '1', 0),
(145, 'M-NL-024', 'Mouse Philips', 'M524', '', 5, 18, 0, 1, '0000-00-00', '', 0, '0000-00-00', 'Initial_import', '2025-06-25 08:18:07', '0000-00-00 00:00:00', '1', 0),
(146, 'M-NL-025', 'Mouse Hama', 'MW-400', '', 5, 18, 0, 1, '0000-00-00', '', 0, '0000-00-00', 'Initial_import', '2025-06-25 08:18:07', '0000-00-00 00:00:00', '1', 0),
(147, 'M-NL-026', 'Mouse Hama', 'MW-400', '', 5, 18, 0, 1, '0000-00-00', '', 0, '0000-00-00', 'Initial_import', '2025-06-25 08:18:07', '0000-00-00 00:00:00', '1', 0),
(148, 'KB-NL-0013', 'Keyboard', 'BDMGH0E5YE00Y6', '', 5, 17, 0, 1, '0000-00-00', '', 0, '0000-00-00', 'Initial_import', '2025-06-25 08:18:07', '0000-00-00 00:00:00', '1', 0),
(149, 'MIC', 'Microphone ', NULL, '', 5, 23, 0, 1, '0000-00-00', '', 0, '0000-00-00', 'Initial_import', '2025-06-25 08:18:07', '0000-00-00 00:00:00', '1', 0),
(150, '', 'LCD MONITOR HP', 'CNC2030SBZ', NULL, 5, 16, 0, 1, '0000-00-00', NULL, NULL, NULL, NULL, '2025-07-09 12:03:18', '2025-07-09 12:29:50', '3', 0);

-- --------------------------------------------------------

--
-- Table structure for table `item_history`
--

DROP TABLE IF EXISTS `item_history`;
CREATE TABLE IF NOT EXISTS `item_history` (
  `item_history_id` int(10) UNSIGNED NOT NULL AUTO_INCREMENT,
  `item_id` int(10) UNSIGNED NOT NULL DEFAULT '0',
  `user_id` int(10) UNSIGNED NOT NULL DEFAULT '0',
  `action` text NOT NULL,
  `description` text NOT NULL,
  `audit_log_id` int(10) UNSIGNED NOT NULL DEFAULT '0',
  `created_at` timestamp NULL DEFAULT NULL,
  PRIMARY KEY (`item_history_id`)
) ENGINE=InnoDB AUTO_INCREMENT=8 DEFAULT CHARSET=utf8;

--
-- Dumping data for table `item_history`
--

INSERT INTO `item_history` (`item_history_id`, `item_id`, `user_id`, `action`, `description`, `audit_log_id`, `created_at`) VALUES
(1, 52, 1, 'New asset received', 'Asset ID - L.LCD-0004 (LCD MONITOR HP) has been assigned to System Administrator.  | by System Administrator', 42, '2025-07-10 11:15:57'),
(2, 52, 1, 'New asset received', 'Asset ID - L.LCD-0004 (LCD MONITOR HP) has been returned to IT Department. | by System Administrator', 46, NULL),
(3, 82, 1, 'Asset Assigned', 'Asset ID - L.LCD-0021 () has been assigned to -.  | by System Administrator', 56, '2025-07-12 03:12:58'),
(4, 82, 1, 'Asset Assigned', 'Asset ID - L.LCD-0021 () has been assigned to -.  | by System Administrator', 57, '2025-07-12 03:13:46'),
(5, 82, 1, 'Asset Assigned', 'Asset ID - L.LCD-0021 () has been assigned to L0001-Khalid Issam Quftan Jewaid .  | by System Administrator', 61, '2025-07-12 10:11:03'),
(6, 82, 1, 'Asset Assigned', 'Asset ID - L.LCD-0021 () has been assigned to L0002-Ayman Mohammed Abdealkhalik Hussein Abed.  | by System Administrator', 65, '2025-07-12 10:53:50'),
(7, 82, 1, 'Asset Assigned', 'Asset ID - L.LCD-0021 () has been assigned to L0001-Khalid Issam Quftan Jewaid .  | by System Administrator', 66, '2025-07-12 10:58:43');

-- --------------------------------------------------------

--
-- Table structure for table `item_status`
--

DROP TABLE IF EXISTS `item_status`;
CREATE TABLE IF NOT EXISTS `item_status` (
  `status_id` int(11) NOT NULL AUTO_INCREMENT,
  `item_id` int(11) NOT NULL,
  `status` text,
  `location_id` int(11) NOT NULL,
  `updated_by` int(11) NOT NULL,
  `updated_at` timestamp NOT NULL DEFAULT '0000-00-00 00:00:00',
  `notes` text,
  PRIMARY KEY (`status_id`),
  KEY `asset_id` (`item_id`),
  KEY `location_id` (`location_id`),
  KEY `updated_by` (`updated_by`)
) ENGINE=InnoDB DEFAULT CHARSET=utf8mb4;

-- --------------------------------------------------------

--
-- Table structure for table `locations`
--

DROP TABLE IF EXISTS `locations`;
CREATE TABLE IF NOT EXISTS `locations` (
  `location_id` int(11) NOT NULL AUTO_INCREMENT,
  `name` varchar(100) NOT NULL,
  `description` text,
  `is_project_office` tinyint(1) NOT NULL DEFAULT '0',
  `created_at` timestamp NOT NULL DEFAULT '0000-00-00 00:00:00',
  PRIMARY KEY (`location_id`)
) ENGINE=InnoDB AUTO_INCREMENT=5 DEFAULT CHARSET=utf8mb4;

--
-- Dumping data for table `locations`
--

INSERT INTO `locations` (`location_id`, `name`, `description`, `is_project_office`, `created_at`) VALUES
(1, 'Head Office', 'Main company headquarters', 1, '2025-05-07 08:15:31'),
(2, 'Project Office - Baraka', 'Construction project site C', 1, '2025-05-07 08:15:31'),
(3, 'Project Office B', 'Construction project site B', 1, '2025-05-07 08:15:31'),
(4, 'New Location', 'New location for this test', 0, '2025-07-24 08:31:34');

-- --------------------------------------------------------

--
-- Table structure for table `raw_data_tmp`
--

DROP TABLE IF EXISTS `raw_data_tmp`;
CREATE TABLE IF NOT EXISTS `raw_data_tmp` (
  `id` int(11) NOT NULL AUTO_INCREMENT,
  `asset_code` varchar(20) DEFAULT NULL,
  `asset_name` varchar(51) DEFAULT NULL,
  `serial_no` varchar(28) DEFAULT NULL,
  `status` varchar(6) DEFAULT NULL,
  `location` varchar(13) DEFAULT NULL,
  `using_by` varchar(24) DEFAULT NULL,
  `using_emp_code` varchar(5) DEFAULT NULL,
  `emp_code_2` varchar(7) DEFAULT NULL,
  `designation` varchar(29) DEFAULT NULL,
  `invoice_no` varchar(20) DEFAULT NULL,
  `invoice_date` varchar(19) DEFAULT NULL,
  `fixed_col_1` varchar(19) DEFAULT NULL,
  `asset_value` varchar(26) DEFAULT NULL,
  `supplier` varchar(26) DEFAULT NULL,
  `remark` varchar(32) DEFAULT NULL,
  `old_user` varchar(25) DEFAULT NULL,
  `returned_date` varchar(19) DEFAULT NULL,
  `receive_date` date DEFAULT NULL,
  `category` varchar(45) NOT NULL DEFAULT '',
  `sub_category` varchar(45) NOT NULL DEFAULT '',
  PRIMARY KEY (`id`)
) ENGINE=MyISAM AUTO_INCREMENT=151 DEFAULT CHARSET=utf8;

--
-- Dumping data for table `raw_data_tmp`
--

INSERT INTO `raw_data_tmp` (`id`, `asset_code`, `asset_name`, `serial_no`, `status`, `location`, `using_by`, `using_emp_code`, `emp_code_2`, `designation`, `invoice_no`, `invoice_date`, `fixed_col_1`, `asset_value`, `supplier`, `remark`, `old_user`, `returned_date`, `receive_date`, `category`, `sub_category`) VALUES
(1, 'L.LAP-0001', 'LAPTOP LENOVA  (with charger + Mouse + Bag)', 'R9071D72', '1', '1', 'Eng. Khalid', '1', NULL, NULL, NULL, '2023-12-12 00:00:00', NULL, NULL, NULL, NULL, NULL, NULL, NULL, '1', '2'),
(2, 'L.LAP-0002', 'LAPTOP LENOVA(THINKPAD)(with charger + Mouse + Bag)', 'R910FDME', '1', '1', 'Eng. Ayman', '2', NULL, NULL, NULL, '2023-12-12 00:00:00', NULL, NULL, NULL, NULL, NULL, NULL, NULL, '1', '2'),
(3, 'L.LAP-0003', 'LAPTOP DELL(with charger + Mouse + Bag)', 'CMS5273', '1', '1', 'Ahmad Adel Mohammad', '118', NULL, NULL, NULL, '2023-12-12 00:00:00', NULL, NULL, NULL, NULL, 'Eng. Sooraj', NULL, NULL, '1', '2'),
(4, 'L.LAP-0004', 'LAPTOP DELL(with charger + Mouse + Bag)', '88PM2T3', '1', '1', 'Eng. Ramiz', '17', NULL, NULL, NULL, '2023-12-12 00:00:00', NULL, NULL, NULL, NULL, NULL, NULL, NULL, '1', '2'),
(5, 'L.LAP-0005', 'LAPTOP LENOVA(THINKPAD)(with charger + Mouse + Bag)', 'PF2YAPDF', '1', '1', 'Eng. Marco', '18', NULL, NULL, NULL, '2023-12-12 00:00:00', NULL, NULL, NULL, NULL, NULL, NULL, NULL, '1', '2'),
(6, 'L.LAP-0006', 'LAPTOP DELL(with charger + Mouse + Bag)', '3MPBKY3', '1', '1', 'Eng. Alaa', '8', NULL, NULL, NULL, '2023-12-12 00:00:00', NULL, NULL, NULL, NULL, NULL, NULL, NULL, '1', '2'),
(7, 'L.LAP-0007', 'LAPTOP DELL(with charger + Mouse + Bag)', '6PH7KY3', '1', '1', 'Eng.Ahin ', '19', NULL, NULL, NULL, '2023-12-12 00:00:00', NULL, NULL, NULL, NULL, NULL, NULL, NULL, '1', '2'),
(8, 'L.LAP-0008', 'LAPTOP LENOVA(THINKPAD)(with charger + Mouse + Bag)', 'R9-13J468', '1', '1', 'Muhamad Safeer', '73', NULL, NULL, NULL, '2023-12-12 00:00:00', NULL, NULL, NULL, 'IT', 'Eng. Starlin', NULL, '2024-10-26', '1', '2'),
(9, 'L.LAP-0009', 'LAPTOP DELL (with charger + Mouse + Bag)', '6V19NS3', 'BD', '1', 'BD', NULL, NULL, NULL, NULL, '2023-12-12 00:00:00', NULL, NULL, NULL, 'H/O FOR REPAIRING', 'Irshad HSE', NULL, NULL, '1', '2'),
(10, 'L.LAP-0010', 'LAPTOP DELL (with charger + Mouse + Bag)', '4FF7KY3', '1', '1', 'MR ALI ADMIN', '34', NULL, NULL, NULL, '2023-12-12 00:00:00', NULL, NULL, NULL, NULL, NULL, NULL, NULL, '1', '2'),
(11, 'L.LAP-0011', 'LAPTOP DELL (with charger + Mouse + Bag)', 'DC26QZ3', '1', '2', 'HSE MR TOUSEEF', '39', NULL, NULL, NULL, '2023-12-12 00:00:00', NULL, NULL, NULL, NULL, NULL, NULL, NULL, '1', '2'),
(12, 'L.LAP-0012', 'LAPTOP DELL (with charger + Mouse + Bag)', 'GV1Y5R3', '1', '1', 'ENG.USMAN', '24', NULL, NULL, NULL, '2023-12-12 00:00:00', NULL, NULL, NULL, NULL, NULL, NULL, NULL, '1', '2'),
(13, 'L.LAP-0013', 'LAPTOP THINKPAD (with charger + Mouse + Bag)', 'PF-3M2GFJ', '1', '1', 'Eng. Dsouza', '3', NULL, NULL, NULL, '2023-12-20 00:00:00', NULL, NULL, NULL, NULL, NULL, NULL, NULL, '1', '2'),
(14, 'L.LAP-0014', 'LAPTOP DELL (with charger + Mouse + Bag)', '34646026251', '1', '1', 'MR AHMAD SK', NULL, NULL, NULL, NULL, '2024-01-31 00:00:00', NULL, NULL, NULL, NULL, NULL, NULL, NULL, '1', '2'),
(15, 'L.LAP-0015', 'LAPTOP DELL (with charger + Mouse + Bag)', '43501671722', '1', '2', 'MR IRSHAD HSE', '28', NULL, NULL, NULL, '2024-02-15 00:00:00', NULL, NULL, NULL, NULL, NULL, NULL, NULL, '1', '2'),
(16, 'L.LAP-0016', 'LAPTOP THINKPAD (with charger + Mouse + Bag)', '714NCZ3', '1', '2', 'QS-MR DILAN', '154', NULL, NULL, NULL, '2024-02-21 00:00:00', NULL, NULL, NULL, NULL, NULL, NULL, NULL, '1', '2'),
(17, 'L.LAP-0017', 'LAPTOP THINKPAD (with charger + Mouse + Bag)', 'PF-3J33QV', '1', '2', 'Roshan / temporary time', '12', NULL, NULL, NULL, '2024-02-21 00:00:00', NULL, NULL, NULL, NULL, 'MR ROGGER', NULL, NULL, '1', '2'),
(18, 'L.LAP-0018', 'LAPTOP DELL (with charger + Mouse + Bag)', '9YLKN04', '1', '1', 'FATIMA ZEHRA', '35', NULL, NULL, NULL, '2024-03-25 00:00:00', NULL, NULL, NULL, NULL, NULL, NULL, NULL, '1', '2'),
(19, 'L.LAP-0019', 'LAPTOP DELL (with charger + Mouse + Bag)', 'FY7TCZ3', '1', '1', 'SHILPA KS (Now Kannan)', '132', NULL, NULL, NULL, '2024-03-25 00:00:00', NULL, NULL, NULL, NULL, NULL, NULL, NULL, '1', '2'),
(20, 'L.LAP-0020', 'LAPTOP DELL (with charger + Mouse + Bag)', 'CWZKFL3', 'SB', NULL, NULL, NULL, NULL, 'Projects Director', NULL, '2024-05-06 00:00:00', '26/10/2024', NULL, NULL, 'IT ', 'ENG MICHAEL', '26/10/2024', '2024-10-26', '1', '2'),
(21, 'L.LAP-0021', 'LAPTOP DELL (with charger + Mouse + Bag)', '3D5F433', '1', '1', 'QS-NEERAJ', '61', NULL, NULL, '3324 + 3332', '2024-09-03 00:00:00', '2024-09-19 00:00:00', '1650', 'Al Wasam Computer', NULL, NULL, NULL, NULL, '1', '2'),
(22, 'L.LAP-0022', 'LAPTOP DELL (with charger + Mouse + Bag)', '3V80DZ3', '1', '1', 'HR-MR MATEEN', '149', NULL, NULL, '3324 + 3332', '2024-09-03 00:00:00', '2024-09-19 00:00:00', '1650', 'Al Wasam Computer', NULL, NULL, NULL, NULL, '1', '2'),
(23, 'L.LAP-0023', 'LAPTOP DELL (with charger + Mouse + Bag)', 'CFN8YR3', '1', '1', 'QS-MR ROSHAN', '12', NULL, NULL, NULL, '2024-03-25 00:00:00', NULL, NULL, NULL, NULL, NULL, NULL, NULL, '1', '2'),
(24, 'L.LAP-0024', 'LAPTOP DELL (with charger + Mouse + Bag)', NULL, '1', '1', 'ENG ABDUL SALAM', '10', NULL, NULL, NULL, '2024-03-25 00:00:00', NULL, NULL, NULL, NULL, NULL, NULL, NULL, '1', '2'),
(25, 'L.LAP-0025', 'LAPTOP DELL (with charger + Mouse + Bag)', '1LY61Z3', '1', '1', 'PRO-MR AHMED ABED', '50', NULL, NULL, NULL, '2024-03-25 00:00:00', NULL, NULL, NULL, NULL, NULL, NULL, NULL, '1', '2'),
(26, 'L.LAP-0026', 'LAPTOP DELL (with charger + Mouse + Bag)', 'JHD5QZ3', 'SB', NULL, NULL, '152', 'L0048', NULL, NULL, '2024-03-25 00:00:00', '2024-09-30 00:00:00', NULL, NULL, NULL, 'Eng. Hazem / Imran Safdar', '2024-09-20 00:00:00', '2024-09-30', '1', '2'),
(27, 'L.LAP-0027', 'LAPTOP DELL (with charger + Mouse + Bag)', '6XHYWL3', '1', '1', 'Sameh Ibrahim Eldessouki', '64', 'L0107', 'LOGISTIC & ASSIT COORDINATOR', '3324 + 3332', '2024-09-09 00:00:00', '2024-09-09 00:00:00', '1650', 'Al Wasam Computer', NULL, NULL, NULL, '2024-09-09', '1', '2'),
(28, 'L.LAP-0028', 'LAPTOP DELL (with charger + Mouse + Bag)', 'GHKJ2B3', '1', '1', 'ARYA KH', '57', 'L0098', 'Assistant TECHICAL ENGINEER', '3324 + 3332', '2024-09-09 00:00:00', '2024-09-10 00:00:00', '1650', 'Al Wasam Computer', NULL, NULL, NULL, '2024-09-10', '1', '2'),
(29, 'L.LAP-0029', 'LAPTOP DELL (with charger + Mouse + Bag)', 'DHXPHG3', '1', '1', 'Junaid Khan', '70', 'L0115', 'QAQC Inspector', '3324 + 3332', '2024-09-09 00:00:00', '2024-09-28 00:00:00', '1650', 'Al Wasam Computer', NULL, NULL, NULL, '2024-09-28', '1', '2'),
(30, 'L.LAP-0030', 'LAPTOP DELL (with charger + Mouse + Bag)', '3L3TFG3', '1', '2', 'Return to supplier', '74', 'L0123', 'Store Assis / Rafeeq', '3324 + 3332', '2024-09-09 00:00:00', '2024-09-19 00:00:00', '1650', 'Al Wasam Computer', '/ Valentina\r\nReturned to Supplie', 'None\r\nAmro / Abo Iyad', '2024-10-30 00:00:00', '2024-09-11', '1', '2'),
(31, 'L.LAP-0031', 'LAPTOP DELL (with charger + Mouse + Bag)', '5F6TFG3', '1', '1', 'Malik Muhammad Ali', '71', 'L0118', 'Jr. Accountant', '3324 + 3332', '2024-09-09 00:00:00', '2024-09-19 00:00:00', '1650', 'Al Wasam Computer', NULL, NULL, NULL, '2024-10-08', '1', '2'),
(32, 'L.LAP-0032', 'LAPTOP DELL (with charger + Mouse + Bag)', 'D2NB9G3', '1', '2', 'Faizulla', '180', 'L0116', 'QAQC Engineer', '3324 + 3332', '2024-09-09 00:00:00', '2024-09-19 00:00:00', '1650', 'Al Wasam Computer', NULL, NULL, NULL, '2024-10-01', '1', '2'),
(33, 'L.LAP-0033', 'LAPTOP DELL (with charger + Mouse + Bag)', '437BY93', '1', '1', 'Amija ', '108', 'L0121', 'Junior QS ', '3324 + 3332', '2024-09-09 00:00:00', '2024-09-19 00:00:00', '1650', 'Al Wasam Computer', 'IT ', 'Akshara Asari', NULL, '2024-10-17', '1', '2'),
(34, 'L.LAP-0034', 'LAPTOP Lenovo  (with charger + Mouse + Bag)', NULL, '1', '1', 'Eng. Khalid Bakeer', '5', NULL, 'G M', '3341', '2024-09-21 00:00:00', '2024-09-21 00:00:00', '2400', 'Al Wasam Computer', NULL, NULL, NULL, NULL, '1', '2'),
(35, 'L.LAP-0035', 'LAPTOP Lenovo  (with charger + Mouse + Bag)', 'R9-0Z90EQ', '1', '1', 'Valentina Khouly', '195', 'L0117', 'IT Engineer', NULL, NULL, NULL, NULL, NULL, NULL, NULL, NULL, '2024-10-01', '1', '2'),
(36, 'L.LAP-0036', 'Laptop HP (Charger + Mouse + Bag) Elite Book', '5CG12455XS', '1', '1', 'Dona Subhashi', '90', 'L0141', NULL, 'IT_AS_IN_00055_24', '2024-12-04 00:00:00', NULL, '1800', 'Ossama', 'IT', NULL, NULL, '2024-12-06', '1', '2'),
(37, 'L.LAP-0037', 'Laptop HP (Charger + Mouse + Bag) Elite Book', '5CG13701GT', '1', '1', 'Alaa Emad Abed ', NULL, 'L0172', ' Store & Workshop Coordinator', 'IT_AS_IN_00055_24', '2024-12-04 00:00:00', NULL, '1800', 'Ossama', 'IT', 'Marwan ahmed / Raed Helmi', NULL, '2025-03-24', '1', '2'),
(38, 'L.LAP-0038', 'LAPTOP DELL (with charger + Mouse + Bag)', '5CYNHSZ', '1', '1', 'Manar Ghareeb', '98', 'L0153', 'Planning Manager', NULL, NULL, NULL, NULL, NULL, 'IT', 'Ahmad Zaki', NULL, '2024-12-16', '1', '2'),
(39, 'L.LAP-0039', 'Laptop HP (Charger + Mouse + Bag) Elite Book', '5CG1368N68', '1', '1', 'Mohammad Taher', '105', 'L0___', 'Accountant ', 'IT_AS_IN_00055_24', '2024-12-04 00:00:00', NULL, '1800', 'Ossama', 'IT', 'Mohammad Emad ', NULL, '2024-12-19', '1', '2'),
(40, 'L.LAP-0040', 'Laptop HP (Charger + Mouse + Bag) Elite Book', '5CG1037MMC', '1', '2', 'MUHAMMAD RAFIQ', '29', 'L0123', 'Assis. StoreKeeper', 'IT_AS_IN_00055_24', '2024-12-04 00:00:00', NULL, '1800', 'Ossama', 'IT', NULL, NULL, '2024-12-05', '1', '2'),
(41, 'L.LAP-0041', 'Laptop HP (Charger + Mouse+Bag + Keyboard)', '5CD4198KZP', '1', '2', 'Mohamed Elsyed', '89', 'L0138', 'Admin', '11408102 1665202411 ', '2024-11-27 00:00:00', NULL, '1764', 'Al Safeer', 'IT', NULL, NULL, '2024-11-27', '1', '2'),
(42, 'L.LAP-0042', 'Laptop HP (Charger + Mouse + Bag) Elite Book', '5CG136DAJJ', '1', '1', 'Sharief Badawy', '185', 'L0145', 'Project Manager', 'IT_AS_IN_00055_24', '2024-12-04 00:00:00', NULL, '1800', 'Ossama', 'IT', NULL, NULL, '2024-12-20', '1', '2'),
(43, 'L.LAP-0043', 'Laptop HP (Charger + Mouse + Bag) Elite Book', NULL, 'SB', '1', NULL, NULL, NULL, NULL, '100455234300003', '2025-01-15 00:00:00', NULL, '1800', 'Ossama / Al Wasam Computer', 'IT', NULL, NULL, NULL, '1', '2'),
(44, 'L.LAP-0044', 'Laptop HP (Charger + Mouse + Bag) Elite Book', '5CG136D48L', 'SB', '1', NULL, NULL, NULL, NULL, '100455234300003', '2025-01-15 00:00:00', NULL, '1800', 'Ossama / Al Wasam Computer', 'IT', NULL, NULL, NULL, '1', '2'),
(45, 'L.LAP-0045', 'Laptop HP (Charger + Mouse + Bag) Elite Book', '5CG1039J58', '1', '1', 'Rahool', '114', NULL, 'Draftsman', '100455234300003', '2025-01-15 00:00:00', NULL, '1800', 'Ossama / Al Wasam Computer', 'IT', NULL, NULL, NULL, '1', '2'),
(46, 'L.LAP-0046', 'Lap HP ', '5CDG10383MX', '1', '1', 'Alaa ', '8', NULL, NULL, NULL, NULL, NULL, NULL, NULL, NULL, NULL, NULL, NULL, '1', '2'),
(47, 'L.LAP-0047', 'LaP Dell', '33ZXCZ3', '1', '1', 'Rahasree', '43', NULL, NULL, NULL, NULL, NULL, NULL, NULL, NULL, NULL, NULL, NULL, '1', '2'),
(48, 'L.LAP-0048', 'Lap Dell', 'IZFRSQ2', '1', '2', 'Adnan', '96', NULL, NULL, NULL, NULL, NULL, NULL, NULL, NULL, NULL, NULL, NULL, '1', '2'),
(49, 'L.LCD-0001', 'LCD MONITOR HP', 'CNC1070T62', '1', '1', 'ACCOUNTS-Mr. Waheeb', '16', NULL, NULL, NULL, '2023-12-12 00:00:00', NULL, NULL, NULL, NULL, NULL, NULL, NULL, '5', '16'),
(50, 'L.LCD-0002', 'Samsing', '5MWZH9DWC04143J', '1', '1', 'DRAFTMAN-MR SHIJO', '167', 'L0078', NULL, NULL, '2023-12-12 00:00:00', NULL, NULL, NULL, 'Broken / Under Consideration', NULL, NULL, NULL, '5', '16'),
(51, 'L.LCD-0003', 'LCD MONITOR HP', 'CNC1040QRM', '1', '1', 'DRAFTSMAN-MR SADIQ', '36', NULL, NULL, NULL, '2023-12-12 00:00:00', NULL, NULL, NULL, NULL, NULL, NULL, NULL, '5', '16'),
(52, 'L.LCD-0004', 'LCD MONITOR HP', 'CNC1070T55', '1', '1', 'Eng. Dsouza', '3', NULL, NULL, NULL, '2023-12-12 00:00:00', NULL, NULL, NULL, NULL, NULL, NULL, NULL, '5', '16'),
(53, 'L.LCD-0005', 'LCD MONITOR HP', 'CNC1040QWG', '1', '1', 'DOCUMENTS-MR SATIAN', '40', NULL, NULL, NULL, '2023-12-12 00:00:00', NULL, NULL, NULL, NULL, NULL, NULL, NULL, '5', '16'),
(54, 'L.LCD-0006', 'LCD MONITOR HP', 'CNC1501QRH', '1', '1', 'Usman', '24', NULL, NULL, NULL, '2023-12-12 00:00:00', NULL, NULL, NULL, NULL, NULL, NULL, NULL, '5', '16'),
(55, 'L.LCD-0007', 'LCD MONITOR LG', '006NTBKJU309', '1', '1', 'Eng. Ramees', '17', NULL, NULL, NULL, '2023-12-12 00:00:00', NULL, NULL, NULL, NULL, NULL, NULL, NULL, '5', '16'),
(56, 'L.LCD-0008', 'LCD MONITOR DELL', 'CN-01NVGX-WS200-752-AYKL', '1', '1', 'HR-MR MATEEN', '149', NULL, NULL, NULL, '2023-12-18 00:00:00', NULL, NULL, NULL, NULL, NULL, NULL, NULL, '5', '16'),
(57, 'L.LCD-0009', 'LCD MONITOR DELL', 'DGTXJT3', '1', '2', 'QC-MR IMAD', NULL, NULL, NULL, NULL, '2023-07-18 00:00:00', NULL, NULL, NULL, NULL, NULL, NULL, NULL, '5', '16'),
(58, 'L.LCD-0010', 'LCD MONITOR DELL', 'CN-0N15DPWSLOO9ALBY8LAO8', '1', '1', 'DRAFTSMAN-MR NISHAD', '62', NULL, NULL, NULL, '2023-07-18 00:00:00', NULL, NULL, NULL, NULL, NULL, NULL, NULL, '5', '16'),
(59, 'L.LCD-0011', 'LCD MONITOR LENOVO', 'VTD58862', '1', '2', 'BARAKHA', NULL, NULL, NULL, NULL, '2023-07-18 00:00:00', NULL, NULL, NULL, 'STAND BY ??', NULL, NULL, NULL, '5', '16'),
(60, 'L.LCD-0012', 'LCD MONITOR ', '5MWZH9DWC09143J', '1', '2', 'SHIJO Tob', '167', 'L0078', 'Draftman', NULL, NULL, NULL, NULL, 'MR SOBHI', 'Valentina', NULL, NULL, '2024-05-11', '5', '16'),
(61, 'L.LCD-0013', 'LCD MONITOR DELL', 'CN-0N15DP-WSL00-9AL-BNJL-A08', '1', '1', 'SAMEH IBRAHIM', '64', NULL, NULL, '3324 + 3332', '2024-09-09 00:00:00', '3800', 'Al Wasam Computer', NULL, NULL, NULL, NULL, '2024-09-09', '5', '16'),
(62, 'L.LCD-0014', 'LCD MONITOR DELL', 'CN-0N15DP-WSL00-9AL-BJPL-A08', '1', '1', 'Marco Najib', '18', 'L0025', 'Project Manager', '3324 + 3332', '2024-09-09 00:00:00', '3800', 'Al Wasam Computer', NULL, NULL, NULL, NULL, '2024-09-21', '5', '16'),
(63, 'L.LCD-0015', 'LCD MONITOR DELL', 'CN-0R88WR-WSL00-04B-BT9B-A10', 'SB', '1', NULL, NULL, 'L0108', 'Draftsman ', '3324 + 3332', '2024-09-09 00:00:00', '3800', 'Al Wasam Computer', 'Saji Pulimoottill', NULL, NULL, NULL, '2024-09-21', '5', '16'),
(64, 'L.LCD-0016', 'LCD MONITOR DELL', NULL, 'SB', '1', NULL, NULL, NULL, NULL, '3341', '2024-09-21 00:00:00', '400', 'Al Wasam Computer', 'Eng. Khalid Bakeer', NULL, NULL, NULL, '2024-09-21', '5', '16'),
(65, 'L.LCD-0017', 'LCD MONITOR DELL', 'CN-0N15DP-WSL00-9AL-BZ3L-A08', '1', '1', 'Valentina', '195', NULL, NULL, '3341', '2024-09-21 00:00:00', '400', 'Al Wasam Computer', NULL, NULL, NULL, NULL, '2024-09-21', '5', '16'),
(66, 'CPU-NL-001', 'CPU COMPUTER', NULL, '1', '1', 'ACCOUNT-Mr. Waheeb', '16', NULL, NULL, NULL, '2023-12-12 00:00:00', NULL, NULL, NULL, NULL, NULL, NULL, NULL, '1', '1'),
(67, 'CPU-NL-002', 'HP CPU COMPUTER', 'CZJ3090D6S', '1', '1', 'DRAFTSMAN-MR SHIJO', '167', NULL, NULL, NULL, '2023-12-12 00:00:00', NULL, NULL, NULL, NULL, NULL, NULL, NULL, '1', '1'),
(68, 'CPU-NL-003', 'CPU COMPUTER', NULL, '1', '1', 'DRAFTSMAN-MR SADIQ', '36', NULL, NULL, NULL, '2023-12-12 00:00:00', NULL, NULL, NULL, NULL, NULL, NULL, NULL, '1', '1'),
(69, 'CPU-NL-004', 'CPU COMPUTER', 'CZC1389PXJ', '1', '1', 'Eng. Dsouza', '3', NULL, NULL, NULL, '2023-12-12 00:00:00', NULL, NULL, NULL, NULL, NULL, NULL, NULL, '1', '1'),
(70, 'CPU-NL-005', 'CPU COMPUTER', 'F0VWHM3', '1', '1', 'DOCUMENTS-MR HANEEF', '49', NULL, NULL, NULL, '2023-12-12 00:00:00', NULL, NULL, NULL, NULL, NULL, NULL, NULL, '1', '1'),
(71, 'CPU-NL-006', 'CPU COMPUTER', 'CZJ325178B', '1', '1', 'Sadik Ali', NULL, 'L0152', 'JR. Draftsman', NULL, '2023-12-12 00:00:00', NULL, NULL, 'SATYAN / SAMEH', NULL, NULL, NULL, '2024-12-31', '1', '1'),
(72, 'CPU-NL-007', 'CPU COMPUTER', '_______________', '1', '1', 'Sadik', NULL, NULL, NULL, NULL, NULL, NULL, NULL, 'Sobhi', NULL, NULL, NULL, NULL, '1', '1'),
(73, 'CPU-NL-008', 'CPU COMPUTER HP', '100001260AK225102051', '1', '1', 'MR. MANNI', NULL, NULL, NULL, NULL, '2023-12-18 00:00:00', NULL, NULL, NULL, NULL, NULL, NULL, NULL, '1', '1'),
(74, 'CPU-NL-009', 'CPU COMPUTER HP', '4CE0141TOK', '1', '1', 'DRAFTSMAN-MR NISHAD', '62', NULL, NULL, NULL, '2024-09-09 00:00:00', '3800', 'Al Wasam Computer', NULL, NULL, NULL, NULL, '2024-09-21', '1', '1'),
(75, 'CPU-NL-010', 'CPU COMPUTER DELL', '28QGV04', '1', '2', 'QC-MR IMAD', NULL, NULL, NULL, NULL, '2023-07-18 00:00:00', NULL, NULL, NULL, NULL, NULL, NULL, NULL, '1', '1'),
(76, 'CPU-NL-011', 'HP CPU COMPUTER', '4CE0141T0G', '1', '1', 'DF -MR Sathian M Balan', '40', NULL, NULL, '3324 + 3332', '2024-09-09 00:00:00', '3800', 'Al Wasam Computer', NULL, NULL, NULL, NULL, '2024-09-21', '1', '1'),
(77, 'CPU-NL-012', 'HP CPU COMPUTER', '4CE0141T0L', 'SB', '1', NULL, '108', 'L0108', 'Draftsman ', '3324 + 3332', '2024-09-09 00:00:00', '3800', 'Al Wasam Computer', 'Saji Pulimoottill', NULL, NULL, NULL, '2024-09-21', '1', '1'),
(78, 'L.LCD-0018', 'Monitor Samsung', 'BN86_01233A', '1', '1', 'Mohammad Aljumaily', NULL, 'Not Yet', NULL, '4882', '2024-10-19 00:00:00', '1100', 'AL MUBDIE ELECTRIC ', NULL, NULL, NULL, NULL, '2024-10-24', '5', '16'),
(79, 'L.LCD-0019', 'Monitor Samsung', 'S34C650UAM', '1', '1', 'Planning(Manar+Alaa)', NULL, 'Not Yet', NULL, '4882', '2024-10-19 00:00:00', '1100', 'AL MUBDIE ELECTRIC ', NULL, NULL, NULL, NULL, '2024-10-24', '5', '16'),
(80, 'TV', 'Smart TV NIKAI', 'NTV3200S1GD-FL', '1', '1', 'Marco Najib', '18', 'Not Yet', NULL, '1.14081094865202e+17', '2024-10-18 00:00:00', '332.38', 'AL SAFEER', NULL, 'IT', NULL, NULL, '2024-10-24', '12', '64'),
(81, 'L.LCD-0020', 'Monitor HP V273A', '3CQ8160KQW', '1', '1', 'Malik Muhammad Ali', '71', 'L0118', 'Jr. Accountant', 'IT_AS_IN_00055_24', '2024-12-04 00:00:00', '425', 'Ossama', NULL, 'IT', NULL, NULL, '2024-12-19', '5', '16'),
(82, 'L.LCD-0021', NULL, '3cq8160kqt', '1', '1', 'Sadik Ali', '97', 'L0152', 'JR. Draftsman', 'IT_AS_IN_00055_24', '2024-12-04 00:00:00', '425', 'Ossama', NULL, 'IT', NULL, NULL, '2024-12-31', '5', '16'),
(83, 'L.LCD-0022', 'HP Z2ZN', 'CNK640H24', '1', '1', 'Dona Subhashi', '90', 'L0141', 'HR & Admin Assis', 'IT_AS_IN_00055_24', '2025-01-15 00:00:00', '500', 'Ossama', NULL, 'IT', NULL, NULL, '2025-01-23', '5', '16'),
(84, 'L.LCD-0023', 'HP Z2ZN', 'CNK6470H19', '1', '1', 'Amija Kumar ', '108', 'L0167', 'Draughtung section', '104118392000003', '2025-01-15 00:00:00', '500', 'Ossama / Al Wasam Computer', NULL, 'IT', NULL, NULL, '2025-01-21', '5', '16'),
(85, 'L.LCD-0024', 'HP Z2ZN', 'CNL600LX9', '1', '1', 'Zain', '109', 'L0168', 'Draughtung section', '104118392000003', '2025-01-15 00:00:00', '500', 'Ossama / Al Wasam Computer', NULL, 'IT', NULL, NULL, '2025-02-01', '5', '16'),
(86, 'L.LCD-0025', 'HP Z2ZN', NULL, 'SB', NULL, NULL, NULL, NULL, NULL, '104118392000003', '2025-01-15 00:00:00', '500', 'Ossama / Al Wasam Computer', NULL, 'IT', NULL, NULL, NULL, '5', '16'),
(88, 'CPU-NL-013', 'OMEN', '______________', NULL, '1', 'Zain', '109', 'L0168', 'Draughtung section', '104118392000003', '2025-01-15 00:00:00', '6500', 'Ossama / Al Wasam Computer', NULL, 'IT', NULL, NULL, '2025-02-01', '1', '1'),
(89, 'L.LCD-0026', 'Dell', 'CNC1070RKG', '1', '1', 'Manni', NULL, NULL, 'Draughtung section', NULL, NULL, NULL, NULL, NULL, NULL, NULL, NULL, NULL, '5', '16'),
(90, 'L.LCD-0027', 'Dell', '5MWZH9DWC04178M', '1', '1', 'Amhad Ali', '34', NULL, NULL, NULL, NULL, NULL, NULL, NULL, NULL, NULL, NULL, NULL, '5', '16'),
(91, 'L.LCD-0028', 'Dell', 'CN0JP050WSL009AABLFWA07', '1', '1', 'Haneef ', '49', NULL, NULL, NULL, NULL, NULL, NULL, NULL, NULL, NULL, NULL, NULL, '5', '16'),
(92, 'L.LCD-0029', NULL, 'CN0N15DPWSL009ALC0CLA08', '1', '1', 'Rahool', '114', NULL, 'Draughtung section', NULL, NULL, NULL, NULL, NULL, NULL, NULL, NULL, NULL, '5', '16'),
(93, 'CPU-NL-013-S', NULL, 'FQC08929', '1', '1', 'Rahool', '114', NULL, 'Draughtung section', NULL, NULL, NULL, NULL, NULL, NULL, NULL, NULL, NULL, '1', '1'),
(94, 'L.LCD-0030', 'HP', 'CNK6470H22', 'SB', NULL, NULL, NULL, NULL, NULL, NULL, NULL, NULL, NULL, NULL, NULL, NULL, NULL, NULL, '5', '16'),
(95, 'KB-NL-001', 'KEYBOARD DELL', '063Y55', '1', '2', 'Mr Mateen', '149', NULL, NULL, NULL, NULL, NULL, NULL, NULL, NULL, NULL, NULL, '2023-12-12', '5', '17'),
(96, 'KB-NL-002', 'KEYBOARD LOGITECH', 'K220', '1', '2', 'Eng. Sooraj', '143', NULL, NULL, NULL, NULL, NULL, NULL, NULL, NULL, NULL, NULL, '2023-12-12', '5', '17'),
(97, 'KB-NL-003', 'KEYBOARD LOGI', 'K270', '1', '2', 'Eng. Fayiz Muhammed', '142', NULL, NULL, NULL, NULL, NULL, NULL, NULL, NULL, NULL, NULL, '2023-12-12', '5', '17'),
(98, 'KB-NL-004', 'KEYBOARD LOGI', 'K270', '1', '1', 'Eng. Dsouza', '3', NULL, NULL, NULL, NULL, NULL, NULL, NULL, NULL, NULL, NULL, '2023-12-12', '5', '17'),
(99, 'KB-NL-005', 'KEYBOARD GENIUS', 'KB110', '1', '1', NULL, NULL, NULL, NULL, NULL, NULL, NULL, NULL, NULL, NULL, NULL, NULL, '2023-12-12', '5', '17'),
(100, 'KB-NL-006', 'KEYBOARD LOGI', 'K220', '1', '2', 'Mr. Waheeb', '16', NULL, NULL, NULL, NULL, NULL, NULL, NULL, NULL, NULL, NULL, '2023-12-12', '5', '17'),
(101, 'KB-NL-007', 'KEYBOARD LOGI', 'k220', '1', '1', 'Eng. STARLIN', '145', NULL, NULL, NULL, NULL, NULL, NULL, NULL, NULL, NULL, NULL, '2023-12-12', '5', '17'),
(102, 'KB-NL-008', 'KEYBOARD LOGI', 'k220', '1', '1', 'ENG.USMAN', '24', NULL, NULL, NULL, NULL, NULL, NULL, NULL, NULL, NULL, NULL, '2023-12-12', '5', '17'),
(103, 'KB-NL-009', 'KEYBOARD LOGI', 'K270', '1', '2', NULL, NULL, NULL, NULL, NULL, NULL, NULL, NULL, NULL, NULL, NULL, NULL, '2023-12-12', '5', '17'),
(104, 'KB-NL-0010', 'KEYBOARD LOGI', '2319SY01X649', '1', '1', 'MR MANNI', NULL, NULL, NULL, NULL, NULL, NULL, NULL, NULL, NULL, NULL, NULL, '2023-12-18', '5', '17'),
(105, 'KB-NL-0011', 'KEYBOARD LOGI', '2423SY048HH9', 'S B', '1', 'Dona Subhashi', '90', NULL, NULL, NULL, NULL, NULL, 'IT', NULL, NULL, NULL, NULL, '2024-10-20', '5', '17'),
(106, 'KB-NL-0012', 'KEYBOARD LOGI', '2423SY048HK9', 'S B', '1', 'Mohamed Elsyed', '89', NULL, NULL, NULL, NULL, NULL, 'IT', NULL, NULL, NULL, NULL, '2024-10-20', '5', '17'),
(107, 'M-NL-001', 'MOUSE DELL', '0C4JKP', '1', '1', 'Mr Mateen', '149', NULL, NULL, NULL, NULL, NULL, NULL, NULL, NULL, NULL, NULL, '2023-12-12', '5', '18'),
(108, 'M-NL-002', 'MOUSE LOGITECH', 'M150', '1', NULL, 'Eng. Sooraj', '143', NULL, NULL, NULL, NULL, NULL, NULL, NULL, NULL, NULL, NULL, '2023-12-12', '5', '18'),
(109, 'M-NL-003', 'MOUSE LOGI', 'M190', '1', '1', 'Eng. Alaa', '8', NULL, NULL, NULL, NULL, NULL, NULL, NULL, NULL, NULL, NULL, '2023-12-12', '5', '18'),
(110, 'M-NL-004', 'MOUSE LOGI', 'M185', '1', '1', 'Eng. Fayiz Muhammed', '142', NULL, NULL, NULL, NULL, NULL, NULL, NULL, NULL, NULL, NULL, '2023-12-12', '5', '18'),
(111, 'M-NL-005', 'MOUSE LOGI', 'M171', '1', '1', 'Eng. Dsouza', '3', NULL, NULL, NULL, NULL, NULL, NULL, NULL, NULL, NULL, NULL, '2023-12-12', '5', '18'),
(112, 'M-NL-006', 'MOUSE LOGITECH', 'M165', '1', '1', 'Eng. Khalid', '1', NULL, NULL, NULL, NULL, NULL, NULL, NULL, NULL, NULL, NULL, '2023-12-12', '5', '18'),
(113, 'M-NL-007', 'MOUSE LOGI', 'M190', '1', '1', 'Eng. Ayman', '2', NULL, NULL, NULL, NULL, NULL, NULL, NULL, NULL, NULL, NULL, '2023-12-12', '5', '18'),
(114, 'M-NL-008', 'MOUSE LOGITECH', 'M1509', '1', '1', 'Mr. Waheeb', '16', NULL, NULL, NULL, NULL, NULL, NULL, NULL, NULL, NULL, NULL, '2023-12-12', '5', '18'),
(115, 'M-NL-009', 'MOUSE LOGITECH', 'M170', '1', '1', 'Mr. yamen', NULL, NULL, NULL, NULL, NULL, NULL, NULL, NULL, NULL, NULL, NULL, '2023-12-12', '5', '18'),
(116, 'M-NL-010', 'MOUSE LOGITECH', 'M150', '1', '1', 'Eng. Starlin', '145', NULL, NULL, NULL, NULL, NULL, NULL, NULL, NULL, NULL, NULL, '2023-12-12', '5', '18'),
(117, 'M-NL-011', 'MOUSE LOGITECH', 'M170', '1', '2', 'ENG.ALI ARBAZ', '30', NULL, NULL, NULL, NULL, NULL, NULL, NULL, NULL, NULL, NULL, '2023-12-12', '5', '18'),
(118, 'M-NL-012', 'MOUSE LOGITECH', 'M170', '1', '2', ' Irshad HSE', '28', NULL, NULL, NULL, NULL, NULL, NULL, NULL, NULL, NULL, NULL, '2023-12-12', '5', '18'),
(119, 'M-NL-013', 'MOUSE LOGITECH', 'M150', '1', '1', 'ENG.USMAN', '24', NULL, NULL, NULL, NULL, NULL, NULL, NULL, NULL, NULL, NULL, '2023-12-12', '5', '18'),
(120, 'M-NL-014', 'MOUSE LOGI', 'M190', '1', '1', 'Eng. Marco', '18', NULL, NULL, NULL, NULL, NULL, NULL, NULL, NULL, NULL, NULL, '2023-12-12', '5', '18'),
(121, 'M-NL-015', 'MOUSE LOGI', 'M185', '1', '1', 'H/O', NULL, NULL, NULL, NULL, NULL, NULL, NULL, NULL, NULL, NULL, NULL, '2023-12-12', '5', '18'),
(122, 'M-NL-016', 'MOUSE LOGITECH', 'M170', '1', '1', 'MR IRSHAD QS', '28', NULL, NULL, NULL, NULL, NULL, NULL, NULL, NULL, NULL, NULL, '2023-12-12', '5', '18'),
(123, 'M-NL-017', 'MOUSE LOGITECH', '2324LZXFHGP9', '1', '1', 'MR MANNI', NULL, NULL, NULL, NULL, NULL, NULL, NULL, NULL, NULL, NULL, NULL, '2023-12-12', '5', '18'),
(124, 'M-NL-018', 'MOUSE MEETION', 'MS1806MT052300809', '1', '1', 'Eng. Dsouza', '3', NULL, NULL, NULL, NULL, NULL, NULL, NULL, NULL, NULL, NULL, '2023-12-20', '5', '18'),
(125, 'M-NL-019', 'MOUSE MEETION', 'MS1806MT052300808', '1', '1', 'H/O', NULL, NULL, NULL, NULL, NULL, NULL, NULL, NULL, NULL, NULL, NULL, NULL, '5', '18'),
(126, 'M-NL-020', 'MOUSE LOGITECH', '2342LZX32SS9', '1', '1', 'Mr Rafiq', '29', NULL, NULL, NULL, NULL, NULL, NULL, NULL, NULL, NULL, NULL, '2023-12-21', '5', '18'),
(127, 'M-NL-021', 'MOUSE LOGITECH', '2352LZX7MRN9', '1', '1', 'Valentina', '195', NULL, NULL, NULL, NULL, NULL, NULL, NULL, NULL, NULL, NULL, '2024-10-20', '5', '18'),
(128, 'M-NL-022', 'MOUSE LOGITECH', '2423LZ01BR89', '1', '1', 'Eng Khalid B', '1', NULL, NULL, NULL, NULL, NULL, NULL, NULL, NULL, NULL, NULL, '2024-10-20', '5', '18'),
(129, 'M-NL-023', 'MOUSE LOGITECH', '2423LZ01BRA9', '1', '1', 'Malek Mohamad', '71', NULL, NULL, NULL, NULL, NULL, NULL, NULL, NULL, NULL, NULL, '2024-10-20', '5', '18'),
(130, 'L.SCH-001', 'PUR-SWITCH', 'C1W4031GYP', '1', '1', 'Eng. Khalid', '1', NULL, NULL, NULL, NULL, NULL, NULL, NULL, NULL, NULL, NULL, '2024-10-20', '4', '12'),
(131, 'L.TVLB-001', 'TV LIGHT BARS', 'NL', '1', '1', 'Eng. Khalid', '1', NULL, NULL, NULL, NULL, NULL, NULL, NULL, NULL, NULL, NULL, '2024-10-20', '12', '65'),
(132, 'L.LC-001', 'LIGHTING CABLE ', 'A8012H12', 'S B', '1', 'H/O', NULL, NULL, NULL, NULL, NULL, NULL, NULL, NULL, NULL, NULL, NULL, '2024-10-20', '15', '66'),
(133, 'L.GH-001', 'GAMING HEADSET', '2427AY0W2NC9', '1', '1', 'Eng. Khalid', '1', NULL, NULL, NULL, NULL, NULL, NULL, NULL, NULL, NULL, NULL, '2024-10-20', '5', '67'),
(134, 'L.MIC-001', 'MICROPHONE ', 'NL', '1', '1', 'Eng. Khalid', '1', NULL, NULL, NULL, NULL, NULL, NULL, NULL, NULL, NULL, NULL, '2024-10-20', '5', '23'),
(135, 'HD-1', 'SAMSUNG 990 PRO 2TB', 'S7DNNU0X751010', '1', '1', 'Eng. Khalid', '1', NULL, NULL, NULL, NULL, NULL, NULL, NULL, NULL, NULL, NULL, '2024-10-20', '6', '24'),
(136, 'USB-NL001', 'SANDISK ULTRA - 64GB', 'NL', '1', '1', 'Sathian', '40', NULL, NULL, NULL, NULL, NULL, NULL, NULL, NULL, NULL, NULL, '2024-10-20', '6', '27'),
(137, 'USB-NL002', 'SANDISK ULTRA - 64GB', 'NL', '1', '1', 'Valentina', '195', NULL, NULL, NULL, NULL, NULL, NULL, NULL, NULL, NULL, NULL, '2024-10-20', '6', '27'),
(138, 'FD-1', 'SANDISK ULTRA', '241412400500', 'S B', '1', 'H/O', NULL, NULL, NULL, NULL, NULL, NULL, NULL, NULL, NULL, NULL, NULL, '2024-10-20', '6', '27'),
(139, 'ET-1', 'ETHERNET ADAPTER', '000129018596', '1', '1', 'Valentina', '195', NULL, NULL, NULL, NULL, NULL, NULL, NULL, NULL, NULL, NULL, '2024-10-20', '4', '66'),
(140, 'ET-2', 'MULTI PORT ', '001165001386', 'S B', '1', 'H/O', NULL, NULL, NULL, NULL, NULL, NULL, NULL, NULL, NULL, NULL, NULL, '2024-10-20', '4', '66'),
(141, 'HD-NL001', 'HARD DRIVE', 'WX72A442R4E7', '1', '1', 'Sathian', '40', NULL, NULL, NULL, NULL, NULL, NULL, NULL, NULL, NULL, NULL, '2024-10-20', '6', '24'),
(142, 'HD-NL002', 'HARD DRIVE', 'WX72A44811RP', '1', '1', 'Sathian', '40', NULL, NULL, NULL, NULL, NULL, NULL, NULL, NULL, NULL, NULL, '2024-10-20', '6', '24'),
(143, 'USB-NL003', 'SanDisk Ultra - 64GB', 'Null', '1', '1', 'Sathian', '40', NULL, NULL, NULL, NULL, NULL, NULL, NULL, NULL, NULL, NULL, '2024-10-22', '6', '27'),
(144, 'USB-NL004', 'SanDisk Ultra - 64GB', 'Null', '1', '1', 'Sathian', '40', NULL, NULL, NULL, NULL, NULL, NULL, NULL, NULL, NULL, NULL, '2024-10-22', '6', '27'),
(145, 'USB-NL005', 'SanDisk Ultra - 64GB', 'Null', '1', '1', 'Sathian', '40', NULL, NULL, NULL, NULL, NULL, NULL, NULL, NULL, NULL, NULL, '2024-10-22', '6', '27'),
(146, 'M-NL-024', 'Mouse Philips', 'M524', '1', '1', 'Safeer', '73', NULL, NULL, NULL, NULL, NULL, NULL, NULL, NULL, NULL, NULL, '2024-10-25', '5', '18'),
(147, 'M-NL-025', 'Mouse Hama', 'MW-400', '1', '1', 'Akhara', NULL, NULL, NULL, NULL, NULL, NULL, NULL, NULL, NULL, NULL, NULL, '2024-10-25', '5', '18'),
(148, 'M-NL-026', 'Mouse Hama', 'MW-400', '1', '1', 'Manar Ghareeb', '98', NULL, NULL, NULL, NULL, NULL, NULL, NULL, NULL, NULL, NULL, '2024-10-25', '5', '18'),
(149, 'KB-NL-0013', 'Keyboard', 'BDMGH0E5YE00Y6', '1', '1', 'Sadik Ali', '97', NULL, NULL, NULL, NULL, NULL, NULL, NULL, NULL, NULL, NULL, '2024-12-31', '5', '17'),
(150, 'MIC', 'Microphone ', NULL, '1', '1', NULL, NULL, NULL, NULL, NULL, '', NULL, '209', NULL, NULL, NULL, NULL, '2025-01-25', '5', '23');

-- --------------------------------------------------------

--
-- Table structure for table `staff_list_tmp`
--

DROP TABLE IF EXISTS `staff_list_tmp`;
CREATE TABLE IF NOT EXISTS `staff_list_tmp` (
  `id` int(11) NOT NULL AUTO_INCREMENT,
  `employee_id` varchar(5) DEFAULT NULL,
  `staff_name` varchar(53) DEFAULT NULL,
  `designation` varchar(37) DEFAULT NULL,
  `location` varchar(28) DEFAULT NULL,
  `satatus` varchar(10) DEFAULT NULL,
  `resigned_date` datetime DEFAULT NULL,
  `resigned_type` varchar(22) DEFAULT NULL,
  PRIMARY KEY (`id`)
) ENGINE=MyISAM AUTO_INCREMENT=196 DEFAULT CHARSET=utf8;

--
-- Dumping data for table `staff_list_tmp`
--

INSERT INTO `staff_list_tmp` (`id`, `employee_id`, `staff_name`, `designation`, `location`, `satatus`, `resigned_date`, `resigned_type`) VALUES
(1, 'L0001', 'Khalid Issam Quftan Jewaid ', 'Managing Director (MD)', 'Main Office', '1', NULL, NULL),
(2, 'L0002', 'Ayman Mohammed Abdealkhalik Hussein Abed', 'Chief Executive Officer (CEO)', 'Main Office', '1', NULL, NULL),
(3, 'L0003', 'Alpees Dsouza Urban Dsouza', 'Commercial Manager', 'Main Office', '1', NULL, NULL),
(4, 'L0005', 'Amir Hossain Enamul Haque', 'Foreman', 'Baraka', '1', NULL, NULL),
(5, 'L0006', 'Khaled M Amin Bakeer', 'General Manager (GM)', 'Main Office', '1', NULL, NULL),
(6, 'L0007', 'Mahran Majed Hassan', 'Site Manager', 'P-015', '1', NULL, NULL),
(7, 'L0008', 'Samdar Singh Yogi Lachhu Ram Yogi', 'Foreman', 'P-12 E-20', '1', NULL, NULL),
(8, 'L0009', 'Alaa Nasser Abdellatif Ibrahim Gawish', 'Technical Engineer', 'Main Office', '1', NULL, NULL),
(9, 'L0010', 'Bharathiselvan Selvaraj Selvaraj', 'Foreman', 'P006 - Liwa', '1', NULL, NULL),
(10, 'L0011', 'Abd salam Moahmmad Hasan Rawshedh', 'Construction Manager', 'Baraka', '1', NULL, NULL),
(11, 'L0012', 'Robin Dcruz Dcruz ', 'Land Surveyor', 'Baraka', '1', NULL, NULL),
(12, 'L0013', 'Roshan Dsouza Marshel Dsouza', 'Asst.QS', 'Baraka', '1', NULL, NULL),
(13, 'L0014', 'Nayef Ayman Nayef Nemr Dawas', 'Project Engineer', 'Innovo-DXB -P010', '1', NULL, NULL),
(14, 'L0015', 'Abdul halim Abdul Munaf', 'Foreman', 'Baraka', '1', NULL, NULL),
(15, 'L0018', 'Gurbhej Singh Gurdial Singh', 'Driver, Cranecar ', 'Workshop', '1', NULL, NULL),
(16, 'L0021', 'Waheeb Magdi Mahmoud Mohamed Amer', 'General Accountant', 'Main Office', '1', NULL, NULL),
(17, 'L0024', 'Ramiz Raja Nazeer Nazeer Mohamed Haneefa', 'QS Manager', 'Main Office', '1', NULL, NULL),
(18, 'L0025', 'Marco Najib Mawad', 'Project Manager', 'Main Office - P011', '1', NULL, NULL),
(19, 'L0026', 'Ahin Prakash Prakasan Othayoth', 'Technical coordinator', 'Main Office - P010', '1', NULL, NULL),
(20, 'L0027', 'Chinna Thambi Muthu Muthu', 'Assistant Surveyor', 'Baraka', '1', NULL, NULL),
(21, 'L0028', 'Osama Mohammed Abdelkhalek Abed', 'Head Of Logistics & Workshop', 'P50- P-51- P52-Main Store', '1', NULL, NULL),
(22, 'L0029', 'Sahib Zada Wazir Zada', 'Foreman', 'Baraka', '1', NULL, NULL),
(23, 'L0030', 'Jalil Mollah Ali Akbar Mollah', 'Foreman', 'Baraka', '1', NULL, NULL),
(24, 'L0032', 'Usman Abbas Ghulam Abbas Sian', 'QA/QC & Materail Manager', 'Main Office', '1', NULL, NULL),
(25, 'L0033', 'Farman Ullah Gul Karim', 'Driver office', 'Main Office', '1', NULL, NULL),
(26, 'L0034', 'Mohammad Gamal Farag Elsheshtawy Elsayed', 'Site Engineer ', 'Baraka', '1', NULL, NULL),
(27, 'L0035', 'Manikandan Thottupura Dharma Rajan', 'Sr. Draftsman ', 'Main Office -to all projects', '1', NULL, NULL),
(28, 'L0036', 'Mohammed Irshad kadri Mohammad Shamim', 'HSE Officer ', 'Main Office -to all projects', '1', NULL, NULL),
(29, 'L0040', 'Muhammad Rafiq Wazir Khan', 'Storekeeper', 'P-12 E-20', '1', NULL, NULL),
(30, 'L0041', 'Ali Arbaz Azam Ali', 'Project Engineer ', 'P-05 - Baraka', '1', NULL, NULL),
(31, 'L0047', 'Virinder Kumar Sharma Harmesh Kumar', 'JCB Operator', 'Baraka', '1', NULL, NULL),
(32, 'L0051', 'Brijesh Kumar Feku Prasad', 'HSE Officer', 'Innovo-DXB', '1', NULL, NULL),
(33, 'L0052', 'Arshad Dewan Rashid Dewan', 'Office Boy', 'Main Office', '1', NULL, NULL),
(34, 'L0053', 'Ahmed Ali Saddek Mohamed', 'Senior Administrator', 'Main Office', '1', NULL, NULL),
(35, 'L0055', 'Fatima Zahraa Hanine', 'Receptionist cum Secratory', 'Main Office', '1', NULL, NULL),
(36, 'L0056', 'Sadik Pokkulangara Aboobacker Aboobacker', 'Sr. Draughtsman', 'Main Office -to all projects', '1', NULL, NULL),
(37, 'L0058', 'Balkar Singh Dilbag Singh', 'Hevery Vehicel Driver', 'Workshop', '1', NULL, NULL),
(38, 'L0059', 'Harmesh Lal Balvir Kumar', 'Foreman', 'P-12 E-20', '1', NULL, NULL),
(39, 'L0060', 'Syed Touseef Shah Hanif Shah', 'HSE Manager', 'Main Office - All Sites', '1', NULL, NULL),
(40, 'L0065', 'Sathian Makkalikkal Balan Makkalikkal Ravunny Balan', 'Draftman Water deivision', 'P-12 E-20', '1', NULL, NULL),
(41, 'L0068', 'Mujtaba Kamal Muhammad Nawaz Malik Bhatti', 'General Accountant', 'Main Office', '1', NULL, NULL),
(42, 'L0071', 'Shamsher Singh Kulwinder Singh ', 'Operator ', 'Baraka', '1', NULL, NULL),
(43, 'L0072', 'Rajesree Nair Pratheesh Chithra Mohanan', 'Assistant QS Engineer', 'Main Office', '1', NULL, NULL),
(44, 'L0075', 'Muhammadali Paduvil Kunhali Paduvil', 'Office Boy', 'Main Office', '1', NULL, NULL),
(45, 'L0077', 'Waqas Latif Muhammad Latif', 'Operator Forklift', 'Baraka', '1', NULL, NULL),
(46, 'L0079', 'Kinan Majed Hassan', 'Foreman-Civil', 'Innovo-DXB', '1', NULL, NULL),
(47, 'L0080', 'Shyam preet Yadav Bhual Yadav', 'Welder ', 'Workshop', '1', NULL, NULL),
(48, 'L0081', 'Rajinder Singh Karnail Singh', 'Foreman-Civil', 'Baraka', '1', NULL, NULL),
(49, 'L0083', 'Mohmmed Haneef Khan Mohammed Nazeer Khan', 'DC cum Secretary', 'Main Office', '1', NULL, NULL),
(50, 'L0086', 'Ahmed Mohamed Abdelkhalek Hussein Abed', 'PRO', 'Main Office', '1', NULL, NULL),
(51, 'L0089', 'Lakhvir Ram Darshan Singh', 'Asst. Forman', 'P12 E-20', '1', NULL, NULL),
(52, 'L0090', 'Shonki Masih Nek Masih', 'Asst. Forman', 'Baraka', '1', NULL, NULL),
(53, 'L0094', 'Dindayal Sharma Madan Lal Sharma', 'Civil Forman', 'Baraka', '1', NULL, NULL),
(54, 'L0095', 'Randhir Kumar Shwaminath Sah', 'Multi Technician- Utilites', 'Baraka', '1', NULL, NULL),
(55, 'L0096', 'Ramjith Chauhan Rambilash Chauhan', 'Pipe Fitter cum Carpanter', 'Baraka', '1', NULL, NULL),
(56, 'L0097', 'Santosh Ram Jogendra Ram', 'Pipe Fitter- WD', 'Baraka', '1', NULL, NULL),
(57, 'L0098', 'Arya Kuriyakkot Harilal Kuriyakkot Velappan', 'Asst. Technical Enginer', 'Main Office - P010', '1', NULL, NULL),
(58, 'L0099', 'Gius uddin Nurul Haque', 'Security Guard ', 'Main Office', '1', NULL, NULL),
(59, 'L0101', 'Subhash Om Prakash', 'Mason', 'Baraka', '1', NULL, NULL),
(60, 'L0102', 'Ram Lubhaya Piara Ram', 'Pipe Fitter- WD', 'Baraka', '1', NULL, NULL),
(61, 'L0104', 'Neeraj Pantheerayil Narayanan Gopalan Narayan Gopalan', 'Jr. QS', 'Innovo-DXB', '1', NULL, NULL),
(62, 'L0105', 'Nishad Pokkakkillath Kunjimon', 'Draftsman ', 'Main Office -to all projects', '1', NULL, NULL),
(63, 'L0106', 'Walid Abdulmajid  Ghura', 'General Foreman', 'Baraka', '1', NULL, NULL),
(64, 'L0107', 'Sameh Ibrahim Eldessouki Abdelfattah Ibrahim', 'Fleet & Assets Coordinator', 'P-51 Transport', '1', NULL, NULL),
(65, 'L0108', 'Zacharia Koshy Manaparampil', 'Gen. Foreman', 'Sadiyat Lagon', '1', NULL, NULL),
(66, 'L0110', 'Khalifa Mohamed Husain Ali Alhammadi', 'Administractive Assistant ', 'Main Office', '1', NULL, NULL),
(67, 'L0111', 'Amjed Mahmoud Naji Abunasseriyh', 'Construction Manager', 'P-015', '1', NULL, NULL),
(68, 'L0113', 'Rasheed Thayyil Alavi Kutty Thayyil', 'Land Surveyor', 'Baraka', '1', NULL, NULL),
(69, 'L0114', 'Rahman Ullah Gul Mali Khan', 'Bobcat Operator ', 'Baraka', '1', NULL, NULL),
(70, 'L0115', 'Junaid Khan Haji Gul', 'Assistant QA/QC ', 'Baraka', '1', NULL, NULL),
(71, 'L0118', 'Malik Muhammad Ali', 'Jr. Accountant', 'Main Office', '1', NULL, NULL),
(72, 'L0120', 'Muhammad Mumtaz Siraj Din', 'Driver-3ton Pickup', 'P-12 E-20', '1', NULL, NULL),
(73, 'L0122', 'Mohamed Safeer Seyed Ahamed', 'QS Engineer', 'Main Office -P12 - E20', '1', NULL, NULL),
(74, 'L0123', 'Ahmed Khuda Bakhsh Khuda Baksh', 'Asst. Storekeeper ', 'Baraka', '1', NULL, NULL),
(75, 'L0124', 'Surendra Prajapati Sudama Prajapati', 'Carpanter', 'Sadiyat Lagon', '1', NULL, NULL),
(76, 'L0125', 'Manmehakjit Singh Sukhraj Singh', 'Carpanter', 'P-12 E-20', '1', NULL, NULL),
(77, 'L0126', 'Nithin Kumar  Mulakh Raj', 'Steel fixer', 'Baraka', '1', NULL, NULL),
(78, 'L0127', 'Pawan Kumar Nikka Ram', 'Civil Technican ', 'P-11 Sadiyat Lagon', '1', NULL, NULL),
(79, 'L0128', 'Manoj Kumar Dinanath Sah', 'Carpanter', 'Baraka', '1', NULL, NULL),
(80, 'L0129', 'Kamal Kumar Yadav Rudal Yadav', 'Carpanter', 'Baraka', '1', NULL, NULL),
(81, 'L0130', 'Kamlesh Ray Ram Sajan Ray', 'Carpanter', 'Baraka', '1', NULL, NULL),
(82, 'L0131', 'Shahid Ali Jainul Abedin Ansari', 'Carpanter', 'Baraka', '1', NULL, NULL),
(83, 'L0132', 'Sharma Nand Prasad Doma Prasad', 'Carpanter', 'Baraka', '1', NULL, NULL),
(84, 'L0133', 'Upendra Kumar Harelal Mahto', 'Carpanter', 'Baraka', '1', NULL, NULL),
(85, 'L0134', 'Adeel Qasim Muhammad Qasim', 'Pipefitter ', 'Sadiyat Lagon', '1', NULL, NULL),
(86, 'L0135', 'Muhammad Zahir Hunar Khan', 'Foreman -earthwork', 'Baraka', '1', NULL, NULL),
(87, 'L0136', 'Sanal Thaivalappil Pushkaran', 'HSE Officer ', 'P-015', '1', NULL, NULL),
(88, 'L0137', 'Irsal Nisar Ali', 'Technician Civil ', 'P001 - Al Ain', '1', NULL, NULL),
(89, 'L0138', 'Mohamed Elsyed Abdelazim Gaballa Elshafei', 'Admin', 'Baraka', '1', NULL, NULL),
(90, 'L0141', 'Dona Subhashi Lakshani Dissanayake', 'HR & ADMIN Assistant', 'Main Office', '1', NULL, NULL),
(91, 'L0142', 'Jan Draz Khan Umar Daraz', 'Mechanic', 'Workshop', '1', NULL, NULL),
(92, 'L0143', 'Sabry Abdalla Elsafy Abd Elalim', 'Foreman Irrigation ', 'Baraka', '1', NULL, NULL),
(93, 'L0144', 'Najid Khan Shad Nali Khan', 'Steel fixer', 'Sadiyat Lagon', '1', NULL, NULL),
(94, 'L0146', 'Muhammad Attiq Ur Rehman Rukman Din', 'Operator-Excavator', 'Baraka', '1', NULL, NULL),
(95, 'L0150', 'Sukhwinder Kumar Chuni Lal', 'Auto Electrcian ', 'Workshop-ICAD', '1', NULL, NULL),
(96, 'L0151', 'Muhammad Adnan Khan Noor Hashim', 'HSE Inspector', 'Baraka', '1', NULL, NULL),
(97, 'L0152', 'Sadikali Cheerambathur Muhamed Musthafa', 'JR. Draftman', 'Main Office -to all projects', '1', NULL, NULL),
(98, 'L0153', 'Manar Haidar Ghareeb', 'Planning & Cost control Lead', 'Main Office - All Sites', '1', NULL, NULL),
(99, 'L0154', 'Issa Ayman Salem Alrabadi', 'Site Engineer ', 'Sadiyat Lagon', '1', NULL, NULL),
(100, 'L0155', 'Faiz Ullah Jahid Hussain', 'Asst.QA/QC', 'P-12 E-20', '1', NULL, NULL),
(101, 'L0156', 'Rahul Sharma Avidhnath Sharma', 'HDPE Welder', 'Sadiyat Lagon', '1', NULL, NULL),
(102, 'L0158', 'Jit Bahadur Basnet', 'Landscape', 'Baraka', '1', NULL, NULL),
(103, 'L0159', 'Sana Ullah Zarstan Khan', 'Shovel', 'Baraka', '1', NULL, NULL),
(104, 'L0161', 'Dauwd Mohamad Ahmed ', 'Helper', 'P52-Main Store', '1', NULL, NULL),
(105, 'L0164', 'Muhammed Abdulmonem Mohamed Taher', 'Assistant Accountant', 'Main Office ', '1', NULL, NULL),
(106, 'L0165', 'Hasanain Ali Shah Ayub Hussain Shah', 'Steel fixer', 'Baraka', '1', NULL, NULL),
(107, 'L0166', 'Jamal Halim', 'Pipe Fitter', 'P001 - Al Ain', '1', NULL, NULL),
(108, 'L0167', 'Amija Behin Jeya Kumar', 'Assistant QS Engineer', 'Main Office ', '1', NULL, NULL),
(109, 'L0168', 'Zain Iqbal', 'Draftman', 'P-12 E-20', '1', NULL, NULL),
(110, 'L0169', 'Muhammad Aftab Qamar', 'HSE Officer', 'P-12 E-20', '1', NULL, NULL),
(111, 'L0170', 'Nurul Hoda Ansari', 'Plumber - Irrigation', 'Baraka', '1', NULL, NULL),
(112, 'L0173', 'Abdalaziz Ebrahim ', 'Site Engineer', 'P-12 E-20', '1', NULL, NULL),
(113, 'L0174', 'Hira Lal', 'Multi Technician- Civil', 'P-15 Hafeet Rail', '1', NULL, NULL),
(114, 'L0175', 'Rahul Kuzhiparambil Rajamani', 'Asst.Draftman Cum BIM Modular', 'P-05 - Baraka', '1', NULL, NULL),
(115, 'L0176', 'Shehta Ahmed Abdelrazek Mohamed', 'Chief Land Surveyor', 'All Projects (P-12 E-20)', '1', NULL, NULL),
(116, 'L0177', 'Ala Emad Abd Al Majed', 'Store & Workshop Coordinator', 'Workshop & Store ', '1', NULL, NULL),
(117, 'L0178', 'Nishet Dsouza', 'Assistant QS Engineer', 'Baraka', '1', NULL, NULL),
(118, 'L0179', 'Ahmed Adel Mohamed', 'Site Engineer', 'Main Office', '1', NULL, NULL),
(119, 'L0180', 'Muhammad Saad', 'Light Vehicle Driver', 'P051 Transport', '1', NULL, NULL),
(120, 'L0182', 'Shahbaz Ahmed', 'Electrical Foreman', 'ICAD (Later P12- E20)', '1', NULL, NULL),
(121, 'L0183', 'Sadam Hussain', 'Mason', 'ICAD', '1', NULL, NULL),
(122, 'L0184', 'Amro Adel Mohamed', 'Site Engineer', 'Ras Al Kaimah', '1', NULL, NULL),
(123, 'L0185', 'Akhtar Rashid', 'Store Helper', 'Main Store-ICAD', '1', NULL, NULL),
(124, 'L0186', 'Don Gimesh Isuranga', 'IT Engineer', 'Main Office', '1', NULL, NULL),
(125, 'L0188', 'Anusree K. Pradeep', 'QS Engineer', 'Main Office ', '1', NULL, NULL),
(126, 'L0189', 'Lamya Thani Ateeq Majed Almheiri', 'Receptionist ', 'Main Office ', '1', NULL, NULL),
(127, 'L0190', 'Shamnad Ismail', 'Draftsman ', 'Main Office -to all projects', '1', NULL, NULL),
(128, 'L0191', 'Golam Haider', 'Pipe Fitter', 'P100', '1', NULL, NULL),
(129, 'L0192', 'Muhammad Zakiria', 'Light Vehicle Driver', 'P51 - Transport', '1', NULL, NULL),
(130, 'L0193', 'Mohammed Shahadat Hossain', 'Foreman', 'P15', '1', NULL, NULL),
(131, 'L0194', 'Siraj Ullah Mohammad', 'Heavy Vehicle Driver ', 'P51 - Transport', '1', NULL, NULL),
(132, 'L0195', 'Kannan Janardhanan', 'Assistant Procurement Engineer', 'PCT-001', '1', NULL, NULL),
(133, 'L0196', 'Waleed Marzouk Helmy', 'Assistant Forman', 'P12 E-20', '1', NULL, NULL),
(134, 'L0197', 'Aziz Ur Rahman', 'QA/QC Inspector', 'P12 E-20', '1', NULL, NULL),
(135, 'L0198', 'Mohammad Osama Khaleefa', 'Procurement Lead', 'PCT-001', '1', NULL, NULL),
(136, 'L0199', 'Ghasiram Devanda', 'Labour', 'P12 E-20', '1', NULL, NULL),
(137, 'L0004', 'Deema Rami', 'Planning Manager', NULL, '2', NULL, 'Left -No more with LGC'),
(138, 'L0016', 'Ibrahim Hassan Alturjoman', 'Project Lead', NULL, '2', '2024-10-02 00:00:00', 'Left -No more with LGC'),
(139, 'L0017', 'Naresh Kumar', 'Technician', NULL, '2', '2024-10-21 00:00:00', 'Left -No more with LGC'),
(140, 'L0019', 'Balan Sunil', 'Senior Draftman', NULL, '2', NULL, 'Left -No more with LGC'),
(141, 'L0020', 'Ashwin Dsouza Nattihithlu Felix Dsouza', 'Quantity Surveyor', NULL, '2', NULL, 'Left -No more with LGC'),
(142, 'L0022', 'Fayiz Mohammed', 'Senior Draftman', NULL, '2', NULL, 'Left -No more with LGC'),
(143, 'L0023', 'Sooraj Thomas Tharian Sathesh Tharian', 'Planning Engineer', NULL, '2', '2025-02-28 00:00:00', 'Resigned '),
(144, 'L0031', 'Sajana Aliyar', 'Document Controller', NULL, '2', NULL, 'Left -No more with LGC'),
(145, 'L0037', 'Starlin Milon ', 'Planning & Cost Control Manager', NULL, '2', '2024-07-05 00:00:00', 'Left -No more with LGC'),
(146, 'L0038', 'Aslam Basheer', 'Draft man', NULL, '2', NULL, 'Left -No more with LGC'),
(147, 'L0039', 'Roland Guzman', 'Document Controller', NULL, '2', NULL, 'Left -No more with LGC'),
(148, 'L0042', 'Mubashar Adeel Muhammad', 'Electrician', NULL, '2', NULL, 'Left -No more with LGC'),
(149, 'L0043', 'Muhammad Mateen Muhammad Latif', 'Senior HR Officer', NULL, '2', '2025-04-14 00:00:00', 'Resigned '),
(150, 'L0045', 'Mohamed kanju (Abu Malik)', 'Gen. Forman', NULL, '2', NULL, 'Left -No more with LGC'),
(151, 'L0046', 'Muhammad Imran  ', 'Assistant Land Surveyor', NULL, '2', NULL, 'Resigned '),
(152, 'L0048', 'Muhammad Imran Safdar ', 'Chief Surveyor', NULL, '2', NULL, 'Left -No more with LGC'),
(153, 'L0049', 'Bin Riji', 'Assist. Draftsman', NULL, '2', NULL, 'Left -No more with LGC'),
(154, 'L0050', 'Dilan Ruwnatha De silva Hathadura', 'QS Engineer', NULL, '2', '2025-05-18 00:00:00', 'Resigned '),
(155, 'L0054', 'Muruganantham Dharmaraj Dharmaraj', 'Steel fixer', NULL, '2', '2025-02-27 00:00:00', 'Termination'),
(156, 'L0057', 'Faizan Nigah', 'Project Coordinator-interface', NULL, '2', '2024-07-11 00:00:00', 'Left -No more with LGC'),
(157, 'L0061', 'Ghani Ur Rehman ', 'Pipe Fitter', NULL, '2', NULL, 'Left -No more with LGC'),
(158, 'L0062', 'Rehman Habib', 'Pipe Fitter', NULL, '2', NULL, 'Left -No more with LGC'),
(159, 'L0063', 'Saeed Ahmed', 'Pipe Fitter', NULL, '2', NULL, 'Left -No more with LGC'),
(160, 'L0064', 'Bhuvanendran Nair', 'Project Manager', NULL, '2', NULL, 'Left -No more with LGC'),
(161, 'L0066', 'Jinny Jacob', 'Planning Engineer', NULL, '2', NULL, 'Left -No more with LGC'),
(162, 'L0067', 'Wakil Ahmed ', 'Qa/QC Inspector', NULL, '2', NULL, 'Left -No more with LGC'),
(163, 'L0069', 'Mohsin Ali', 'Assistant Forman', NULL, '2', NULL, 'Left -No more with LGC'),
(164, 'L0073', 'Michael Edward Naguib Botros', 'Projects Director', NULL, '2', '2024-02-14 00:00:00', 'Resigned '),
(165, 'L0074', 'Emad Hamad', 'General Manager (GM)', NULL, '2', '2024-07-11 00:00:00', 'Left -No more with LGC'),
(166, 'L0076', 'Roger John Benadict John Benadit', 'Assistant Planning Engineer', NULL, '2', NULL, 'Left -No more with LGC'),
(167, 'L0078', 'Shijo Job Muringgathery Job', 'Draftsman ', NULL, '2', '2025-04-19 00:00:00', 'Resigned '),
(168, 'L0082', 'Emad Metwally ', 'Foreman', NULL, '2', NULL, 'Left -No more with LGC'),
(169, 'L0084', 'Sobhi A. Moushtaha', 'Techincial Engineer BIM Moduler', NULL, '2', '2024-11-03 00:00:00', 'Left -No more with LGC'),
(170, 'L0085', 'Immad Hassan Mushtaq Haider', 'QA/QC Assistant ', NULL, '2', '2024-11-09 00:00:00', 'Left -No more with LGC'),
(171, 'L0087', 'Harpeet  Singh Bant Singh', 'Driver- Pickup crane', NULL, '2', '2025-04-09 00:00:00', 'Resigned '),
(172, 'L0088', 'Gurdeep Singh', 'Carpanter', NULL, '2', '2025-02-27 00:00:00', 'Termination'),
(173, 'L0091', 'Wasim Abdah Ghannoum', 'Mechanic cum Electrician- H Equipment', NULL, '2', '2024-11-09 00:00:00', 'Left -No more with LGC'),
(174, 'L0092', 'Gagandeep  Singh Hakam Singh', 'Driver Light vehicle ', NULL, '2', NULL, 'Left -No more with LGC'),
(175, 'L0093', 'Haris Mehmood Raiz Ul Haq', 'Operator - Excavator ', NULL, '2', '2025-04-19 00:00:00', 'Resigned '),
(176, 'L0100', 'Hazim Bassam Hanna Alrabadi', 'Project Engineer', NULL, '2', NULL, 'Left -No more with LGC'),
(177, 'L0103', 'Rashpal Singh Satinder Singh', 'Pipe Fitter- WD', NULL, '2', NULL, 'Left -No more with LGC'),
(178, 'L0109', 'Saji Pulimoottil Sukumaran Putimoottil Padmanabhan', 'Draftsman ', NULL, '2', '2025-02-28 00:00:00', 'Termination'),
(179, 'L0112', 'Muhammad Ashbar Ali ', 'Assistant Logistic Officer', NULL, '2', '2024-10-03 00:00:00', 'Left -No more with LGC'),
(180, 'L0116', 'Shah Hassan Naik', 'Assistant QA/QC ', NULL, '2', NULL, 'Left -No more with LGC'),
(181, 'L0119', 'Zahid Ullah ', 'Driver Light Vehicle', NULL, '2', NULL, 'Left -No more with LGC'),
(182, 'L0121', 'Akshara Asari Parambil Anoop Cheriya Manthattil', 'Jr. QS', NULL, '2', '2025-03-15 00:00:00', 'Resigned '),
(183, 'L0139', 'Ahimed Hossein Gelelo', 'Helper ', NULL, '2', NULL, 'Left -No more with LGC'),
(184, 'L0140', 'Kamran Abbas Abdul Hameed Qureshi', 'Asst. Foreman', NULL, '2', '2025-01-27 00:00:00', 'Left -No more with LGC'),
(185, 'L0145', 'Sharief Rasheed  Mahmoud Badawy', 'Project Manager', NULL, '2', '2025-04-16 00:00:00', 'Resigned '),
(186, 'L0147', 'Marwan Adel Ahmed Ramzy Saad', 'Asst. Office Engineer', NULL, '2', '2025-02-26 00:00:00', 'Termination'),
(187, 'L0148', 'Sarath Anchalasery Mani Anchalassery Gopaln', 'Chief Land Surveyor', NULL, '2', '2025-02-27 00:00:00', 'Resigned '),
(188, 'L0149', 'Mohammed Emad Mahmoud Ababneh', 'Asst. Site Engineer', NULL, '2', '2025-02-26 00:00:00', 'Termination'),
(189, 'L0157', 'Davidson Edjor', 'Heavy Mechinery', NULL, '2', NULL, 'Left -No more with LGC'),
(190, 'L0160', 'Raed M Helmi Ajam Oghli', 'Electrical Engineer', NULL, '2', '2025-03-20 00:00:00', 'Resigned '),
(191, 'L0162', 'Buta Singh Dalbir Singh', 'Mechanic', NULL, '2', '2025-02-28 00:00:00', 'Termination'),
(192, 'L0163', 'Niju Neelakantan', 'Senior Procurment Officer ', NULL, '2', '2025-01-27 00:00:00', 'Left -No more with LGC'),
(193, 'L0171', 'Ziad Mohammed Al Nazer', 'Mechanic', NULL, '2', '2025-03-12 00:00:00', 'Resigned '),
(194, 'L0172', 'Mohammed Hashim Ahmed Jumaily', 'Projects Manager', NULL, '2', '2025-03-25 00:00:00', 'Resigned '),
(195, 'L0117', 'Valentina', 'IT Engineer', NULL, '2', '2025-05-30 00:00:00', 'Resigned');

-- --------------------------------------------------------

--
-- Table structure for table `sub_category`
--

DROP TABLE IF EXISTS `sub_category`;
CREATE TABLE IF NOT EXISTS `sub_category` (
  `sub_category_id` int(11) NOT NULL AUTO_INCREMENT,
  `category_id` int(11) NOT NULL,
  `name` text,
  `created_at` timestamp NOT NULL DEFAULT '0000-00-00 00:00:00',
  PRIMARY KEY (`sub_category_id`),
  KEY `category_id` (`category_id`)
) ENGINE=InnoDB AUTO_INCREMENT=69 DEFAULT CHARSET=utf8mb4;

--
-- Dumping data for table `sub_category`
--

INSERT INTO `sub_category` (`sub_category_id`, `category_id`, `name`, `created_at`) VALUES
(1, 1, 'Desktop', '2025-06-19 07:54:26'),
(2, 1, 'Laptop', '2025-06-19 07:54:26'),
(3, 1, 'All-in-One', '2025-06-19 07:54:26'),
(4, 2, 'Rack Server', '2025-06-19 07:54:26'),
(5, 2, 'Tower Server', '2025-06-19 07:54:26'),
(6, 2, 'Blade Server', '2025-06-19 07:54:26'),
(7, 2, 'Virtual Server', '2025-06-19 07:54:26'),
(8, 3, 'Smartphone', '2025-06-19 07:54:26'),
(9, 3, 'Tablet', '2025-06-19 07:54:26'),
(10, 3, 'Rugged Device', '2025-06-19 07:54:26'),
(11, 4, 'Router', '2025-06-19 07:54:26'),
(12, 4, 'Switch', '2025-06-19 07:54:26'),
(13, 4, 'Firewall', '2025-06-19 07:54:26'),
(14, 4, 'Access Point', '2025-06-19 07:54:26'),
(15, 4, 'Network Cable', '2025-06-19 07:54:26'),
(16, 5, 'Monitor', '2025-06-19 07:54:26'),
(17, 5, 'Keyboard', '2025-06-19 07:54:26'),
(18, 5, 'Mouse', '2025-06-19 07:54:26'),
(19, 5, 'Printer', '2025-06-19 07:54:26'),
(20, 5, 'Scanner', '2025-06-19 07:54:26'),
(21, 5, 'Webcam', '2025-06-19 07:54:26'),
(22, 5, 'Speaker', '2025-06-19 07:54:26'),
(23, 5, 'Microphone', '2025-06-19 07:54:26'),
(24, 6, 'External Hard Drive', '2025-06-19 07:54:26'),
(25, 6, 'NAS', '2025-06-19 07:54:26'),
(26, 6, 'SAN', '2025-06-19 07:54:26'),
(27, 6, 'USB Flash Drive', '2025-06-19 07:54:26'),
(28, 7, 'UPS', '2025-06-19 07:54:26'),
(29, 7, 'Power Strip', '2025-06-19 07:54:26'),
(30, 7, 'Voltage Stabilizer', '2025-06-19 07:54:26'),
(31, 8, 'Projector', '2025-06-19 07:54:26'),
(32, 8, 'Digital Display', '2025-06-19 07:54:26'),
(33, 8, 'Video Conferencing System', '2025-06-19 07:54:26'),
(34, 9, 'HDMI Cable', '2025-06-19 07:54:26'),
(35, 9, 'VGA Cable', '2025-06-19 07:54:26'),
(36, 9, 'USB Cable', '2025-06-19 07:54:26'),
(37, 9, 'Network Cable', '2025-06-19 07:54:26'),
(38, 9, 'Power Adapter', '2025-06-19 07:54:26'),
(39, 9, 'Converter', '2025-06-19 07:54:26'),
(40, 10, 'Operating System', '2025-06-19 07:54:26'),
(41, 10, 'Productivity Software', '2025-06-19 07:54:26'),
(42, 10, 'Antivirus', '2025-06-19 07:54:26'),
(43, 10, 'Database Software', '2025-06-19 07:54:26'),
(44, 10, 'Development Tools', '2025-06-19 07:54:26'),
(45, 10, 'Virtualization Software', '2025-06-19 07:54:26'),
(46, 11, 'Software License', '2025-06-19 07:54:26'),
(47, 11, 'Cloud Subscription', '2025-06-19 07:54:26'),
(48, 11, 'SSL Certificate', '2025-06-19 07:54:26'),
(49, 11, 'Maintenance Agreement', '2025-06-19 07:54:26'),
(50, 12, 'Biometric Device', '2025-06-19 07:54:26'),
(51, 12, 'Telephone', '2025-06-19 07:54:26'),
(52, 12, 'Intercom', '2025-06-19 07:54:26'),
(53, 12, 'CCTV', '2025-06-19 07:54:26'),
(54, 12, 'Smart Board', '2025-06-19 07:54:26'),
(55, 13, 'Laptop Bag', '2025-06-19 07:54:26'),
(56, 13, 'Battery', '2025-06-19 07:54:26'),
(57, 13, 'Charger', '2025-06-19 07:54:26'),
(58, 13, 'Ink Cartridge', '2025-06-19 07:54:26'),
(59, 13, 'Cleaning Kit', '2025-06-19 07:54:26'),
(60, 14, 'Warranty', '2025-06-19 07:54:26'),
(61, 14, 'AMC Record', '2025-06-19 07:54:26'),
(62, 14, 'Repair Log', '2025-06-19 07:54:26'),
(63, 14, 'Service Contract', '2025-06-19 07:54:26'),
(64, 12, 'Smart TV', '2025-06-19 09:19:14'),
(65, 12, 'TV Light Bars', '2025-06-19 09:22:03'),
(66, 15, 'Other', '2025-06-19 09:22:50'),
(67, 5, 'Head Set', '2025-06-19 09:23:41'),
(68, 4, 'Other', '2025-06-25 05:07:45');

-- --------------------------------------------------------

--
-- Table structure for table `suppliers`
--

DROP TABLE IF EXISTS `suppliers`;
CREATE TABLE IF NOT EXISTS `suppliers` (
  `supplier_id` int(11) NOT NULL AUTO_INCREMENT,
  `name` varchar(100) NOT NULL,
  `contact_person` varchar(100) DEFAULT NULL,
  `email` varchar(100) DEFAULT NULL,
  `phone` varchar(20) DEFAULT NULL,
  `address` text,
  `created_at` timestamp NOT NULL DEFAULT '0000-00-00 00:00:00',
  PRIMARY KEY (`supplier_id`)
) ENGINE=InnoDB DEFAULT CHARSET=utf8mb4;

-- --------------------------------------------------------

--
-- Table structure for table `users`
--

DROP TABLE IF EXISTS `users`;
CREATE TABLE IF NOT EXISTS `users` (
  `user_id` int(11) NOT NULL AUTO_INCREMENT,
  `username` varchar(50) NOT NULL,
  `password` varchar(255) NOT NULL,
  `full_name` varchar(100) NOT NULL,
  `email` varchar(100) NOT NULL,
  `user_level` text,
  `last_login` datetime DEFAULT NULL,
  `created_at` timestamp NOT NULL DEFAULT '0000-00-00 00:00:00',
  `is_active` tinyint(1) NOT NULL DEFAULT '1',
  PRIMARY KEY (`user_id`),
  UNIQUE KEY `username` (`username`),
  UNIQUE KEY `email` (`email`)
) ENGINE=InnoDB AUTO_INCREMENT=2 DEFAULT CHARSET=utf8mb4;

--
-- Dumping data for table `users`
--

INSERT INTO `users` (`user_id`, `username`, `password`, `full_name`, `email`, `user_level`, `last_login`, `created_at`, `is_active`) VALUES
(1, 'admin', '$2y$10$92IXUNpkjO0rOQ5byMi.Ye4oKoEa3Ro9llC/.og/at2.uheWG/igi', 'System Administrator', 'admin@example.com', 'admin', '2025-06-09 12:06:32', '2025-05-07 08:15:31', 1);
COMMIT;

/*!40101 SET CHARACTER_SET_CLIENT=@OLD_CHARACTER_SET_CLIENT */;
/*!40101 SET CHARACTER_SET_RESULTS=@OLD_CHARACTER_SET_RESULTS */;
/*!40101 SET COLLATION_CONNECTION=@OLD_COLLATION_CONNECTION */;
